<USERNAME>	O
right	O
,	O
some	O
ssri	O
are	O
used	O
for	O
cataplexy	B-Indication
,	O
a	O
is	O
effexor	B-Drug
.	O
can	O
be	O
tricky	O
to	O
wean	O
off	O
without	O
rebound	B-ADR
.	O
nchat	O
<EOS>	O
<USERNAME>	O
<USERNAME>	O
i	O
wa	O
only	O
on	O
200	O
mg	O
and	O
wa	O
recently	O
switched	O
to	O
150	O
mg	O
due	O
to	O
weight	B-ADR
.	O
it's	O
still	O
working	O
with	O
enbrel	B-Drug
,	O
though	O
.	O
<EOS>	O
great	O
..	O
i	O
have	O
hive	B-ADR
up	O
and	O
down	O
my	O
leg	O
from	O
this	O
gosh	O
dang	O
trazodone	B-Drug
<EOS>	O
have	O
taken	O
the	O
trazodone	B-Drug
dose	O
back	O
down	O
.	O
simply	O
cannot	O
put	O
up	O
with	O
feeling	O
tired	B-ADR
all	O
day	O
!	O
<EOS>	O
taking	O
trazodone	B-Drug
and	O
literally	O
passing	B-ADR
out	I-ADR
on	O
the	O
bathroom	O
floor	O
yeah	O
that	O
shit	O
happens	O
<EOS>	O
just	O
took	O
seroquel	B-Drug
.	O
now	O
i'm	O
freaking	O
out	O
that	O
i	O
will	O
end	O
up	O
sleeping	B-ADR
15	I-ADR
hr	I-ADR
and	O
miss	O
my	O
12pm	O
appt	O
tomorrow	O
<EOS>	O
<USERNAME>	O
enbrel	B-Drug
is	O
a	O
miracle	O
but	O
it	O
made	O
my	O
eye	B-ADR
worse	I-ADR
:(	O
so	O
could	O
not	O
have	O
it	O
anymore	O
:(	O
<EOS>	O
my	O
sleep	B-ADR
schedule	O
is	O
all	O
fucked	O
up	O
and	O
pristiq	B-Drug
is	O
making	O
me	O
gain	B-ADR
weight	I-ADR
and	O
i	O
do	O
not	O
like	O
this	O
<EOS>	O
took	O
a	O
quetiapine	B-Drug
it's	O
been	O
a	O
while	O
and	O
i'm	O
ready	O
for	O
bed	O
,	O
so	O
tiiiiired	B-ADR
<EOS>	O
i	O
am	O
never	O
taking	O
baclofen	B-Drug
and	O
norflex	O
the	O
same	O
day	O
again	O
.	O
first	O
i	O
felt	O
super	O
drowsy	B-ADR
but	O
now	O
i	O
feel	O
extremely	O
high	B-ADR
and	O
it's	O
freaking	O
me	O
out	O
.	O
<EOS>	O
hello	O
,	O
world	O
!	O
quetiapine	B-Drug
zombie	B-ADR
this	O
morning	O
and	O
i	O
have	O
a	O
work	O
call	O
in	O
about	O
45	O
minute	O
.	O
perfect	O
combination	O
.	O
<EOS>	O
the	O
100mg	O
tab	O
of	O
trazodone	B-Drug
my	O
gp	O
prescribed	O
are	O
too	O
much	O
,	O
now	O
that	O
i	O
do	O
not	O
take	O
them	O
every	O
night	O
.	O
still	O
zombieish	B-ADR
after	O
an	O
hour	O
awake	O
.	O
<EOS>	O
my	O
medication	O
give	O
me	O
weird	B-ADR
&	I-ADR
bizarre	I-ADR
dream	I-ADR
.	O
not	O
all	O
bad	O
though	O
.	O
last	O
night	O
i	O
had	O
dinner	O
with	O
the	O
rolling	O
stone	O
ciprolex	B-Drug
<EOS>	O
feeling	O
a	O
little	O
dizzy	B-ADR
from	O
the	O
quetiapine	B-Drug
i	O
just	O
popped	O
!	O
<EOS>	O
21.19	O
day	O
17	O
rivaroxaban	B-Drug
diary	O
.	O
ache	B-ADR
are	O
related	O
to	O
pressure	O
on	O
my	O
body	O
,	O
e	O
.	O
g	O
.	O
if	O
sitting	O
then	O
in	O
back	O
,	O
buttoocks	O
and	O
leg	O
1/2	O
<EOS>	O
<USERNAME>	O
so	O
true	O
ricky	O
!	O
i	O
went	O
into	O
anaphylactic	B-ADR
shock	I-ADR
&	O
almost	B-ADR
died	I-ADR
from	O
taking	O
cipro	B-Drug
!	O
dangerous	O
drug	O
-	O
be	O
careful	O
!	O
!	O
take	O
care	O
.	O
<EOS>	O
am	O
i	O
the	I-ADR
only	O
one	O
that	O
grind	B-ADR
the	O
shit	I-ADR
out	I-ADR
of	I-ADR
their	I-ADR
teeth	I-ADR
on	O
vyvanse	B-Drug
?	O
cantbetheonlyone	O
icouldstudyforfinalsidonthave	O
<EOS>	O
saying	O
goodbye	O
to	O
smoking	O
involves	O
more	O
than	O
physical	O
recovery	O
from	O
nicotine	B-Drug
addiction	B-ADR
worldnotobaccoday	O
(	O
1	O
)	O
<EOS>	O
<USERNAME>	O
fluoxetine	B-Drug
and	O
quet	O
combo	O
zombified	B-ADR
me	O
...	O
ah	O
,	O
the	O
med	O
merrygoround	O
bipolar	B-Indication
<EOS>	O
down	O
to	O
just	O
one	O
tiny	O
dose	O
of	O
effexor	B-Drug
each	O
night	O
now	O
.	O
today	O
wasnt	O
too	O
bad	O
in	O
term	O
of	O
anxiety	B-Indication
&	O
depression	B-Indication
,	O
but	O
irritability	B-ADR
?	O
woosh	O
!	O
!	O
way	O
up	O
<EOS>	O
it	O
turn	O
out	O
that	O
i	O
can	O
still	O
ride	O
a	O
bike	O
in	O
spite	O
of	O
my	O
ataxia	B-ADR
(	O
side	O
effect	O
of	O
lamotrigine	B-Drug
)	O
it	O
ha	O
been	O
at	O
least	O
25	O
year	O
.	O
<EOS>	O
cipro	B-Drug
make	O
my	O
nose	B-ADR
feel	I-ADR
like	I-ADR
it	I-ADR
bleeding	I-ADR
.	O
but	O
it's	O
not	O
.	O
phantomsangre	O
<EOS>	O
cymbalta	B-Drug
,	O
my	O
mood	B-ADR
ha	O
worsened	O
<EOS>	O
i	O
have	B-ADR
not	I-ADR
slept	I-ADR
in	O
2	O
day	O
due	O
to	O
vyvanse	B-Drug
<EOS>	O
this	O
night	O
of	O
no	B-ADR
sleep	I-ADR
is	O
brought	O
to	O
you	O
by	O
vyvanse	B-Drug
.	O
<EOS>	O
really	O
bad	O
rls	B-ADR
fron	O
seroquel	B-Drug
:(	O
<EOS>	O
this	O
paxil	B-Drug
make	O
me	O
pee	B-ADR
so	I-ADR
often	I-ADR
omg	O
sorrynotsorry	O
<EOS>	O
<USERNAME>	O
i	O
know	O
.	O
i	O
just	O
realised	O
with	O
everything	O
else	O
-	O
i	O
have	O
not	O
taken	O
the	O
sodding	O
quetiapine	B-Drug
yet	O
!	O
!	O
wondered	O
why	O
i	O
was	O
not	O
drowsy	B-ADR
doh	O
!	O
<EOS>	O
<USERNAME>	O
i	O
had	O
been	O
blaming	O
my	O
dizziness	B-ADR
upon	O
standing	O
to	O
my	O
menopause	O
but	O
now	O
on	O
hrt	O
&	O
no	O
more	O
flash	O
so	O
looked	O
at	O
cymbalta	B-Drug
side	O
effs	O
<EOS>	O
promise	O
,	O
brownie	O
honor	O
i'm	O
not	O
stupid	O
,	O
i	O
have	O
been	O
forgetting	B-ADR
everything	O
lately	O
paxil	B-Drug
<EOS>	O
<USERNAME>	O
<USERNAME>	O
all	O
the	O
thing	O
i	O
have	O
just	O
make	O
me	O
sleepy	B-ADR
a	O
hell	O
:	O
cymbalta	B-Drug
,	O
klonopin	O
,	O
ambien	O
.	O
wait	O
what	O
if	O
i	O
take	O
em	O
all	O
togethhssaagg	O
<EOS>	O
<USERNAME>	O
i	O
do	O
not	O
know	O
that	O
one	O
,	O
but	O
metho	B-Drug
made	O
me	O
sick	B-ADR
everyday	O
i	O
took	O
it	O
.	O
i	O
had	O
to	O
stop	O
.	O
enbrel	B-Drug
ha	O
worked	O
wonder	O
for	O
me	O
..	O
so	O
far	O
<EOS>	O
venlafaxine	B-Drug
withdrawal	B-ADR
is	O
horrific	O
<EOS>	O
so	O
,	O
i	O
lasted	O
16	O
day	O
on	O
seroquel	B-Drug
.	O
i	O
could	O
not	O
handle	O
the	O
awful	O
side	O
effect	O
.	O
constantly	O
dizzy	B-ADR
and	O
lightheadeded	B-ADR
&	O
a	O
myriad	O
of	O
other	O
bad	O
stuff	O
<EOS>	O
i	O
do	O
not	O
want	O
to	O
take	O
my	O
humira	B-Drug
at	O
all	O
the	O
pain	B-ADR
is	O
always	O
unbearable	O
and	O
i	O
do	O
not	O
wanna	O
<EOS>	O
paxil	B-Drug
withdrawal	B-ADR
is	O
nasty	O
.	O
do	O
not	O
like	O
.	O
<EOS>	O
nicotine	O
lozenge	B-Drug
are	O
giving	O
me	O
stomach	B-ADR
cramp	I-ADR
.	O
<EOS>	O
so	O
i	O
ran	O
out	O
of	O
victoza	B-Drug
before	O
payday	O
&	O
restarted	O
it	O
yesterday	O
.	O
bleh	O
:	O
nausea	B-ADR
.	O
it	O
did	O
help	O
me	O
lose	B-Indication
@	I-Indication
10	I-Indication
lb	I-Indication
.	O
but	O
i	O
found	O
3	O
when	O
i	O
ran	O
out	O
.	O
<EOS>	O
coming	O
off	O
cymbalta	B-Drug
cold	O
turkey	O
..	O
day	O
4	O
...	O
i	O
think	O
i	O
have	O
vertigo	B-ADR
!	O
this	O
is	O
awful	O
.	O
<EOS>	O
<USERNAME>	O
-	O
nod	O
-	O
my	O
zombie-ness	B-ADR
when	O
i	O
first	O
wake	O
up	O
in	O
the	O
morning	O
is	O
mostly	O
from	O
my	O
nightly	O
med	O
too	O
(	O
seroquel	B-Drug
)	O
.	O
<EOS>	O
day	O
6	O
cold	O
turkey	O
from	O
effexor	B-Drug
.	O
i	O
believe	O
this	O
pic	O
adequately	O
represents	O
my	O
descent	B-ADR
into	I-ADR
madness	I-ADR
.	O
or	O
<URL>	O
<EOS>	O
i	O
think	O
i'm	O
gong	O
to	O
speak	O
my	O
gp	O
about	O
reducing	O
quetiapine	B-Drug
dosage	O
.	O
the	O
weight	B-ADR
gain	I-ADR
from	O
it	O
is	O
scaring	O
the	O
hell	O
out	O
of	O
me	O
.	O
<EOS>	O
<USERNAME>	O
<USERNAME>	O
i	O
do	O
not	O
know	O
what	O
that	O
ha	O
to	O
do	O
w	O
/	O
me	O
.	O
avelox	B-Drug
ha	O
hurt	O
my	O
connective	B-ADR
tissue	I-ADR
,	O
lung	B-ADR
and	O
thyroid	B-ADR
.	O
i	O
guess	O
i	O
should	O
feel	O
lucky	O
<EOS>	O
<USERNAME>	O
i	O
take	O
olanzapine	B-Drug
and	O
have	O
a	O
permanent	O
dry	B-ADR
mouth	I-ADR
what	O
can	O
i	O
do	O
to	O
help	O
it	O
<EOS>	O
05.00	O
day	O
17	O
rivaroxaban	B-Drug
diary	O
.	O
woken	O
up	O
by	O
pain	B-ADR
in	I-ADR
neck	I-ADR
,	O
hip	B-ADR
and	O
leg	B-ADR
.	O
<EOS>	O
i	O
do	O
not	O
like	O
taking	O
seroquel	B-Drug
at	O
night	O
.	O
make	O
me	O
crabby	B-ADR
the	O
whole	O
time	O
the	O
following	O
day	O
.	O
something	O
about	O
feeling	O
sluggish	B-ADR
and	I-ADR
groggy	I-ADR
.	O
aargh	O
.	O
<EOS>	O
it	O
feel	O
like	O
my	O
brain	B-ADR
is	I-ADR
melting	I-ADR
.	O
360mg	O
of	O
vyvanse	B-Drug
in	O
24	O
hour	O
...	O
not	O
smart	O
danielle	O
.	O
not	O
smart	O
.	O
<EOS>	O
you	O
know	O
starting	O
with	O
geodon	B-Drug
,	O
the	O
med	O
messed	B-ADR
up	I-ADR
my	I-ADR
attitude	I-ADR
.	O
how	O
odd	O
.	O
it's	O
not	O
just	O
about	O
spirituality	O
.	O
i	O
became	O
a	O
bit	O
mean	B-ADR
.	O
that	O
got	O
<EOS>	O
a	O
big	O
ol	O
'	O
fuck	O
you	O
to	O
my	O
doctor	O
for	O
not	O
telling	O
me	O
a	O
side	O
effect	O
of	O
metoprolol	B-Drug
wa	O
depression	B-ADR
.	I-ADR
just	O
wait	O
until	O
i	O
see	O
you	O
friday	O
-	O
.	O
-	O
<EOS>	O
tell	O
you	O
okes	O
what	O
:	O
when	O
your	O
dr	O
.	O
say	O
only	O
take	O
seroquel	B-Drug
at	O
night	O
,	O
only	O
take	O
it	O
at	O
night	O
.	O
zombiness	B-ADR
galore	O
.	O
<EOS>	O
do	O
not	O
need	O
any	O
alcohol	O
really	O
when	O
fluoxetine	B-Drug
just	O
make	O
me	O
feel	B-ADR
like	I-ADR
i	I-ADR
ca	I-ADR
not	I-ADR
even	I-ADR
stand	I-ADR
<EOS>	O
<USERNAME>	O
what	O
problem	O
did	O
you	O
have	O
with	O
humira	B-Drug
,	O
if	O
you	O
do	O
not	O
mind	O
me	O
asking	O
.	O
i	O
tried	O
infliximab	B-Drug
it	O
destroyed	B-ADR
my	I-ADR
liver	I-ADR
.	O
<EOS>	O
i	O
am	O
way	O
too	O
hyper	B-ADR
to	O
go	O
home	O
and	O
do	O
nothing	O
tonight	O
:(	O
damn	O
prozac	B-Drug
>	O
.	O
<	O
<EOS>	O
this	O
levofloxacin	B-Drug
got	O
me	O
feeling	O
sick	B-ADR
to	I-ADR
my	I-ADR
stomach	I-ADR
!	O
!	O
ugh	O
!	O
!	O
<EOS>	O
lucidity	B-ADR
rn	O
is	O
probably	O
some	O
med's	O
fault	O
...	O
with	O
my	O
luck	O
probably	O
klonopin	O
and	O
not	O
seroquel	B-Drug
<EOS>	O
14.11	O
day	O
17	O
rivaroxaban	B-Drug
diary	O
.	O
still	O
waiting	O
for	O
doctor	O
to	O
phone	O
me	O
"	O
around	O
lunchtime	O
"	O
.	O
taken	O
more	O
paracetamol	O
to	O
dull	O
the	O
ache	B-ADR
.	O
<EOS>	O
i've	O
been	O
on	O
paxil	B-Drug
for	O
10	O
year	O
for	O
depression	B-Indication
/	O
anxiety	B-Indication
and	O
at	O
first	O
it	O
used	O
to	O
help	O
but	O
i	O
guess	O
i've	O
built	O
up	O
tolerance	B-ADR
and	O
i	O
come	B-ADR
too	I-ADR
fast	I-ADR
.	O
<EOS>	O
<USERNAME>	O
am	O
on	O
300mg	O
quetiapine	B-Drug
.	O
mainly	O
tiredness	B-ADR
it	O
cause	O
with	O
me	O
.	O
<EOS>	O
the	O
day	O
after	O
my	O
humira	B-Drug
jab	O
and	O
a	O
ever	O
i'm	O
mega	O
tired	B-ADR
.	O
may	O
have	O
to	O
go	O
back	O
to	O
bed	O
.	O
<EOS>	O
<USERNAME>	O
<USERNAME>	O
i	O
haaaated	O
trazodone	B-Drug
.	O
do	O
not	O
be	O
afraid	O
to	O
ask	O
doc	O
for	O
something	O
else	O
if	O
side	O
effect	O
continue	O
.	O
gave	O
me	O
migraine	B-ADR
.	O
<EOS>	O
the	O
one	O
time	O
i'm	O
glad	O
for	O
seroquel	B-Drug
memory	B-ADR
loss	I-ADR
<EOS>	O
rule	O
of	O
prozac	B-Drug
:	O
1	O
:	O
you	O
can	O
never	B-ADR
sleep	I-ADR
,	O
ever	O
again	O
.	O
never	O
ever	O
2	O
:	O
no	O
you	O
may	B-ADR
not	I-ADR
switch	I-ADR
your	I-ADR
brain	I-ADR
off	I-ADR
.	O
ever	O
.	O
3	O
:	O
exhaustion	B-ADR
is	O
your	O
friend	O
.	O
<EOS>	O
<USERNAME>	O
you	O
can	O
say	O
that	O
again	O
!	O
i	O
trusted	O
my	O
doc	O
and	O
ended	O
up	O
crippled	B-ADR
thanks	O
to	O
just	O
12	O
cipro	B-Drug
pill	O
.	O
going	O
on	O
4	O
year	O
now	O
.	O
<EOS>	O
<USERNAME>	O
didnt	O
know	O
lamotrigine	B-Drug
wa	O
addictive	B-ADR
stopped	O
a	O
didnt	O
think	O
were	O
helping	O
<USERNAME>	O
3	B-ADR
day	I-ADR
of	I-ADR
hell	I-ADR
before	O
realized	O
,	O
back	O
on	O
now	O
<EOS>	O
it	O
your	O
third	O
visit	O
in	O
2	O
week	O
for	O
priapism	B-ADR
and	O
you're	O
still	O
taking	O
trazodone	B-Drug
<USERNAME>	O
<EOS>	O
fuck	O
some	O
lamictal	B-Drug
...	O
almost	B-ADR
died	I-ADR
.	O
fuck	O
<EOS>	O
thing	O
which	O
are	O
the	O
spawn	O
of	O
satin	O
:	O
mosquito	O
,	O
banana	O
,	O
facebook	O
,	O
paxil	B-Drug
withdrawal	B-ADR
symptom	O
.	O
bewareofsatin	O
<EOS>	O
lamotrigine	B-Drug
causing	O
steven	B-ADR
johnson	I-ADR
syndrome	I-ADR
<EOS>	O
20.12	O
day	O
15	O
rivaroxaban	B-Drug
diary	O
.	O
have	O
not	O
yet	O
taken	O
today's	O
tablet	O
.	O
will	O
when	O
i	O
eat	O
.	O
still	O
intense	O
lower	O
back	B-ADR
pain	I-ADR
from	O
yesterday's	O
tablet	O
.	O
<EOS>	O
day	O
4	O
:	O
the	O
initial	O
lamotrigine	B-Drug
lethargy	B-ADR
kicked	O
in	O
the	O
day	O
before	O
exam	O
.	O
i	O
tell	O
myself	O
that	O
possible	O
failure	O
is	O
better	O
than	O
possible	O
death	O
.	O
<EOS>	O
i'm	O
tired	B-ADR
of	O
being	O
tired	O
,	O
deffinatly	O
nap	B-ADR
time	I-ADR
for	O
this	O
girl	O
.	O
stupid	O
medication	O
paxil	O
trazodone	O
seroquel	B-Drug
<EOS>	O
seroquel	B-Drug
give	O
me	O
nightmare	B-ADR
every	O
fucking	O
night	O
but	O
i	O
take	O
it	O
anyway	O
<EOS>	O
i	O
feel	O
siiiiiiiiiiiiiiick	B-ADR
.	O
damn	O
you	O
venlafaxine	B-Drug
.	O
<EOS>	O
<USERNAME>	O
thats	O
the	O
prob	O
with	O
zyprexa	B-Drug
it	O
for	O
ppl	O
with	O
bi-polar	B-Indication
or	O
schizophrenia	B-Indication
it	O
really	O
strong	O
when	O
you	O
wake	O
up	O
your	O
drowsy	B-ADR
for	O
6	O
hr	O
<EOS>	O
although	O
my	O
bitching	O
about	O
being	O
fat	O
did	O
look	O
a	O
but	O
comical	O
next	O
to	O
my	O
brother	O
,	O
with	O
his	O
olanzapine	B-Drug
induced	O
weight	B-ADR
gain	I-ADR
.	O
<EOS>	O
lamictal	B-Drug
dosage	O
increase	O
kind	O
of	O
wreck	B-ADR
my	I-ADR
head	I-ADR
for	O
a	O
day	O
or	O
two	O
.	O
but	O
they	O
also	O
make	O
me	O
super	O
productive	O
a	O
long	O
a	O
i	O
can	O
do	O
thing	O
slowly	O
.	O
<EOS>	O
<USERNAME>	O
ooh	O
.	O
i	O
wa	O
on	O
seroquel	B-Drug
.	O
and	O
withdrawal	B-ADR
is	O
a	O
bitch	O
.	O
i'm	O
not	O
even	O
fully	O
off	O
it	O
yet	O
either	O
.	O
<EOS>	O
vyvanse	B-Drug
keep	O
me	O
straight	O
but	O
i	O
ca	B-ADR
not	I-ADR
eat	I-ADR
shit	O
when	O
i'm	O
on	O
em	O
<EOS>	O
<USERNAME>	O
i	O
can	O
relate	O
to	O
the	O
olanzapine	B-Drug
lb	B-ADR
,	O
but	O
you'll	O
be	O
great	O
!	O
<EOS>	O
<USERNAME>	O
is	O
not	O
zyprexa	O
also	O
called	O
olanzapine	B-Drug
,	O
if	O
so	O
ppl	O
need	O
to	O
be	O
careful	O
of	O
side	O
effect	O
&	O
addiction	B-ADR
,	O
can	O
do	O
more	O
harm	O
than	O
good	O
<EOS>	O
doe	O
trazodone	B-Drug
actually	O
make	O
people	O
feel	O
like	O
high	O
omfg	O
it	O
make	O
me	O
sleepy	B-ADR
<EOS>	O
<USERNAME>	O
effexor	O
i	O
found	O
wa	O
not	O
so	O
bad	O
.	O
currently	O
on	O
cymbalta	B-Drug
&	O
the	O
wdrawals	B-ADR
are	O
vile	O
.	O
internet	O
full	O
of	O
horror	O
story	O
,	O
<EOS>	O
ugh	O
i	O
wish	O
my	O
vyvanse	B-Drug
did	O
not	O
make	O
my	O
stomach	B-ADR
hurt	I-ADR
so	O
bad	O
<EOS>	O
<USERNAME>	O
not	O
eating	O
that	O
badly	O
but	O
portion	B-ADR
prob	I-ADR
too	I-ADR
big	I-ADR
.	O
quetiapine	B-Drug
a	O
factor	O
.	O
think	O
i'd	O
be	O
ok	O
with	O
gentle	O
exercise	O
but	O
not	O
vigorous	O
<EOS>	O
<USERNAME>	O
yeah	O
,	O
pristiq	B-Drug
is	O
a	O
different	O
formulation	O
or	O
something	O
of	O
effexor	O
.	O
so	O
similar	O
withdrawal	B-ADR
stuff	O
:(	O
<EOS>	O
i	O
hate	O
my	O
new	O
medication	O
.	O
it	O
make	O
me	O
feel	O
hungry	B-ADR
:-(	O
quetiapine	B-Drug
<EOS>	O
<USERNAME>	O
bloody	O
zombie	B-ADR
i	O
also	O
take	O
venlafaxine	B-Drug
thats	O
for	O
cronic	O
depression	B-Indication
bipolar	B-Indication
is	O
a	O
difficult	O
illness	O
to	O
deal	O
with	O
,	O
both	O
for	O
the	O
<EOS>	O
vyvanse	B-Drug
is	O
really	O
taking	O
it	O
toll	O
now	O
headache	B-ADR
anger	B-ADR
<EOS>	O
<USERNAME>	O
i	O
took	O
a	O
vyvanse	B-Drug
and	O
drank	O
a	O
12oz	O
redbull	O
this	O
morning	O
.	O
my	O
heart	B-ADR
wa	I-ADR
hurting	I-ADR
a	O
lil	O
bit	O
haha	O
<EOS>	O
throbbing	O
headache	B-ADR
from	O
not	O
having	O
my	O
pill	O
.	O
2	O
pill	O
left	O
i	O
need	O
to	O
save	O
.	O
this	O
suck	O
:(	O
paroxetine	B-Drug
socialanxiety	B-Indication
<EOS>	O
<USERNAME>	O
i	O
take	O
way	O
too	O
much	O
zoloft	O
and	O
seroquel	B-Drug
to	O
get	B-ADR
the	I-ADR
horn	I-ADR
my	I-ADR
life	I-ADR
is	O
a	O
lie	O
<EOS>	O
having	O
a	O
serious	O
quetiapine	B-Drug
haze	B-ADR
this	O
morning	O
...	O
<EOS>	O
restless	B-ADR
leg	I-ADR
syndrome	I-ADR
is	O
bad	O
tonight	O
.	O
damn	O
you	O
fluoxetine	B-Drug
.	O
<EOS>	O
<USERNAME>	O
thing	O
like	O
mirtazipine	O
&	O
trazodone	B-Drug
weight	B-ADR
gain	I-ADR
is	O
not	O
too	O
hard	O
to	O
mitigate.things	O
like	O
valproate	O
substantially	O
more	O
of	O
an	O
issue	O
<EOS>	O
<USERNAME>	O
he	O
ha	O
me	O
on	O
ciprofloxacin	B-Drug
and	O
phenazopyride	B-Drug
i	O
had	O
severe	O
pain	B-ADR
that	O
started	O
over	O
the	O
weekend	O
when	O
trying	O
to	O
use	O
<EOS>	O
<USERNAME>	O
<USERNAME>	O
<USERNAME>	O
psssh	O
did	O
not	O
levaquin	B-Drug
make	O
u	O
hallucinate	B-ADR
?	O
girl	O
u	O
best	O
stay	O
away	O
from	O
shrooms	O
lol	O
<EOS>	O
cry	B-ADR
randomly	O
at	O
nothing	O
and	O
everything	O
.	O
sigh	O
.	O
thank	O
you	O
effexor	B-Drug
withdrawls	B-ADR
can	O
you	O
just	O
exit	O
my	O
system	O
already	O
.	O
<EOS>	O
i'm	O
so	O
allergic	B-ADR
to	O
trazodone	B-Drug
but	O
i	O
have	O
not	O
been	O
taking	O
it	O
so	O
no	O
one	O
belief	O
me	O
::	O
:	O
-	O
-	O
-	O
)	O
)	O
)	O
<EOS>	O
oh	O
my	O
god	O
.	O
it's	O
5:19	O
am	O
and	O
i	O
am	O
just	O
now	O
realizing	O
that	O
i	O
accidentally	O
took	O
a	O
vyvanse	B-Drug
at	O
11pm	O
...	O
that	O
explains	O
why	O
i	O
ca	B-ADR
not	I-ADR
sleep	I-ADR
.	O
<EOS>	O
effexor	B-Drug
withdrawl	B-ADR
is	O
a	O
monster	O
that	O
i	O
have	O
taken	O
by	O
the	O
horn	O
and	O
am	O
wrestling	O
to	O
the	O
ground	O
...	O
this	O
time	O
i	O
am	O
winning	O
!	O
7thdayfree	O
<EOS>	O
<USERNAME>	O
thing	O
about	O
venlafaxine	B-Drug
is	O
the	O
withdrawal	B-ADR
when	O
you're	O
late	O
for	O
a	O
dose	O
-	O
it's	O
like	O
electric	B-ADR
shock	I-ADR
in	I-ADR
your	I-ADR
brain	I-ADR
,	O
and	O
they	O
go	O
-	O
<EOS>	O
i	O
swear	O
thia	O
cymbalta	B-Drug
is	O
causing	O
me	O
to	O
have	O
horrible	O
nightmare	B-ADR
!	O
<EOS>	O
it's	O
not	O
even	O
11pm	O
and	O
i'm	O
already	O
feeling	O
the	O
venlafaxine	B-Drug
withdrawal	B-ADR
.	O
stupid	O
bitch	O
.	O
how	O
hard	O
is	O
it	O
to	O
pack	O
the	O
bloody	O
tablet	O
?	O
!	O
<EOS>	O
i've	O
had	O
no	B-ADR
appetite	I-ADR
since	O
i	O
started	O
on	O
prozac	B-Drug
,	O
i	O
guess	O
that's	O
a	O
good	O
thing	O
<EOS>	O
this	O
seroquel	B-Drug
-	O
dry	B-ADR
-	I-ADR
mouth	I-ADR
thing	O
is	O
getting	O
weird	O
<EOS>	O
<USERNAME>	O
trazodone	B-Drug
but	O
you	O
might	O
have	O
trouble	B-ADR
waking	I-ADR
up	I-ADR
in	O
the	O
morning	O
.	O
1/2	O
tablet	O
is	O
enough	O
for	O
a	O
night	O
i	O
could	O
give	O
you	O
10	O
for	O
10	O
$	O
?	O
<EOS>	O
from	O
jessica	O
i	O
have	O
recently	O
changed	O
anti-depressants	B-Indication
from	O
cymbalta	B-Drug
to	O
zoloft	O
...	O
doe	O
anyone	O
else	O
get	O
daily	O
migraine	B-ADR
from	O
taking	O
zoloft	O
?	O
<EOS>	O
<USERNAME>	O
i	O
wa	O
on	O
quetiapine	B-Drug
and	O
gained	B-ADR
40lbs	I-ADR
<wall>	O
so	O
i	O
am	O
not	O
even	O
trying	O
olanzapine	B-Drug
.	O
they	O
gave	O
me	O
abilify	O
cause	O
it	O
not	O
supposed	O
to	O
<EOS>	O
found	O
them	O
.	O
starting	O
back	O
up	O
on	O
effexor	B-Drug
.	O
vomit	B-ADR
shall	O
ensue	O
!	O
<EOS>	O
<USERNAME>	O
i	O
never	O
had	O
bleeding	O
or	O
vomiting	O
just	O
alot	O
alot	O
of	I-ADR
fatigue	B-ADR
and	O
face	O
wa	O
pale	B-ADR
and	O
lost	B-ADR
ton	I-ADR
of	O
weight	I-ADR
..	O
crohn	B-Indication
humira	B-Drug
<EOS>	O
in	O
other	O
news	O
,	O
i've	O
got	O
my	O
first	O
weird	O
side	O
effect	O
from	O
quetiapine	B-Drug
.	O
numbness	B-ADR
and	O
tingling	B-ADR
in	O
my	O
fingertip	O
.	O
<EOS>	O
fed	O
up	O
of	O
aching	B-Indication
bone	I-Indication
:(	O
wonder	O
drug	O
work	O
some	O
magic	O
please	O
.	O
rheumatoidarthritis	B-Indication
enbrel	B-Drug
<EOS>	O
<USERNAME>	O
yes	O
totally	O
.	O
psych	O
prescribed	O
me	O
quetiapine	B-Drug
to	O
help	O
bpdchat	B-Indication
<EOS>	O
i	O
just	O
got	O
a	O
lozenge	B-Drug
.	O
voice	B-Indication
hasnt	O
'	O
recovered	O
from	O
wednesday	O
.	O
it's	O
gonna	O
be	O
that	O
kind	O
of	O
night	O
.	O
<EOS>	O
got	O
a	O
script	O
of	O
cipro	B-Drug
for	O
a	O
uti	B-Indication
for	O
motherday	O
.	O
lol	O
,	O
thank	O
god	O
for	O
walk	O
in	O
clinic	O
.	O
<EOS>	O
<USERNAME>	O
<USERNAME>	O
i	O
have	O
a	O
low	O
dose	O
of	O
trazodone	B-Drug
to	O
help	O
me	O
sleep	B-Indication
otherwise	O
i	O
would	O
not	O
especially	O
when	O
happymental	O
<EOS>	O
venlafaxine	B-Drug
more	O
like	O
lessvoicesinyourheadazine	B-Indication
am	O
i	O
right	O
guy	O
?	O
<EOS>	O
i	O
think	O
i	O
should	O
take	O
a	O
tablet	O
of	O
gnc	O
burn	O
60	O
and	O
go	O
off	O
for	O
my	O
late	O
night	O
jogging	O
.	O
chronic	B-Indication
fatigue	I-Indication
sydrome	I-Indication
suck	O
.	O
fluoxetine	B-Drug
did	O
not	O
help	O
.	O
<EOS>	O
<USERNAME>	O
for	O
sure	O
.	O
i'd	O
get	O
no	O
sleep	B-Indication
at	O
all	O
if	O
it	O
was	O
not	O
for	O
trazodone	B-Drug
.	O
:)	O
<EOS>	O
fighting	O
an	O
ocd	B-Indication
spike	O
tonight	O
;	O
make	O
me	O
worried	O
about	O
trading	O
the	O
lexapro	O
in	O
for	O
lamictal	B-Drug
.	O
i	O
do	O
not	O
do	O
well	O
without	O
support	O
for	O
the	O
ocd	O
.	O
<EOS>	O
rt	O
	O
<USERNAME>	O
:	O
<USERNAME>	O
i	O
heard	O
of	O
tysabri	B-Drug
.	O
should	O
work	O
good	O
on	O
m	B-Indication
.	O
but	O
serious	O
side	O
effect	O
a	O
well	O
:(	O
	O
that's	O
why	O
i'm	O
terrified	O
!	O
<EOS>	O
levaquin	B-Drug
suck	O
so	O
much	O
i'm	O
coming	O
off	O
it	O
.	O
next	O
up	O
:	O
cipro	O
.	O
ca	O
not	O
we	O
just	O
take	O
the	O
damned	O
kidney	B-Indication
out	O
?	O
?	O
?	O
oknotreally	O
<EOS>	O
celebrating	O
nearly	O
one	O
year	O
on	O
quetiapine	B-Drug
with	O
some	O
delicious	O
quetiapine	B-Drug
.	O
mmm	O
.	O
quick	O
release	O
for	O
instant	O
no	O
-	O
madness	B-Indication
.	O
<EOS>	O
i	O
think	O
i	O
might	O
have	O
to	O
try	O
something	O
else	O
than	O
paxil	B-Drug
.	O
though	O
,	O
i	O
do	O
enjoy	O
it	O
with	O
abilify	O
so	O
that	O
my	O
mood	B-Indication
is	I-Indication
stable	I-Indication
,	O
just	O
doe	O
nothing	O
for	O
<EOS>	O
my	O
nigga	O
dante	O
addicted	B-ADR
to	O
that	O
nicotine	B-Drug
<EOS>	O
just	B-ADR
about	I-ADR
dead	I-ADR
,	O
think	O
it's	O
bedtime	O
..	O
fuck	O
you	O
quetiapine	B-Drug
<EOS>	O
actually	O
it	O
wa	O
more	O
like	O
a	O
prison	O
but	O
with	O
nurse	O
instead	O
of	O
guard	O
,	O
olanzapine	B-Drug
pill	O
n	O
im	O
=	O
zombie	B-ADR
<EOS>	O
almost	B-ADR
vomited	I-ADR
on	O
a	O
zinc	O
lozenge	B-Drug
yuk	O
<EOS>	O
my	O
sim	O
card	O
is	O
not	O
working	O
aaggh	O
i	O
feel	O
like	O
im	O
having	O
cymbalta	B-Drug
withdrawal	B-ADR
again	O
aaagh	O
aaaggh	O
<EOS>	O
is	O
it	O
hot	B-ADR
in	O
here	O
or	O
is	O
my	O
vyvanse	B-Drug
just	O
kicking	O
in	O
?	O
<EOS>	O
01.10	O
day	O
13	O
rivaroxaban	B-Drug
diary	O
.	O
headache	B-ADR
over	O
right	O
side	O
of	O
head	O
;	O
lower	O
back	B-ADR
pain	I-ADR
.	O
wrote	O
letter	O
to	O
my	O
gp	O
&	O
his	O
colleague	O
outlining	O
problem	O
<EOS>	O
<USERNAME>	O
they	O
are	O
on	O
to	O
you	O
.	O
poppin	O
'	O
metoprolol	B-Drug
and	O
she	O
sweatin	B-ADR
'	O
.	O
<EOS>	O
i'm	O
so	O
irritable	B-ADR
when	O
my	O
vyvanse	B-Drug
wear	O
off	O
fuckkk	O
<EOS>	O
<USERNAME>	O
<USERNAME>	O
i'm	O
with	O
you	O
.	O
even	O
though	O
the	O
pristiq	B-Drug
work	O
,	O
i	O
still	O
do	B-ADR
not	I-ADR
feel	I-ADR
fully	I-ADR
human	I-ADR
.	O
<EOS>	O
sleeping	B-ADR
my	I-ADR
life	I-ADR
away	I-ADR
on	O
quetiapine	B-Drug
.	O
fine	O
by	O
me	O
.	O
<EOS>	O
<USERNAME>	O
...	O
face	O
.	O
and	O
quetiapine	B-Drug
slightly	O
increase	O
sun	B-ADR
sensitivity	I-ADR
too	O
.	O
<EOS>	O
playing	O
league	O
while	O
on	O
vyvanse	B-Drug
is	O
too	O
damn	O
stressful	B-ADR
.	O
back	O
to	O
public	O
i	O
go	O
!	O
<EOS>	O
<USERNAME>	O
but	O
i	O
switched	O
to	O
trazodone	B-Drug
...	O
i	O
wa	O
doing	O
some	O
crazy	B-ADR
ish	I-ADR
on	O
ambien	B-Drug
smh	O
not	O
good	O
lol	O
<EOS>	O
oh	O
hello	O
seroquel	B-Drug
old	O
friend	O
i	O
mi	O
*	O
pass	B-ADR
out	I-ADR
on	O
bed	O
*	O
<EOS>	O
<USERNAME>	O
word	O
.	O
i've	O
been	O
fuckin	O
tweakin	B-ADR
out	I-ADR
on	O
vyvanse	B-Drug
and	O
writing	O
hella	O
verse	O
<EOS>	O
<USERNAME>	O
levaquin	B-Drug
poisoned	B-ADR
me	O
and	O
ruined	O
my	O
life	O
!	O
constant	O
pain	B-ADR
24/7	O
!	O
i	O
hate	O
you	O
,	O
levaquin	B-Drug
!	O
<EOS>	O
<USERNAME>	O
<USERNAME>	O
not	O
to	O
worry	O
-	O
just	O
a	O
bit	O
of	O
temporary	O
fuzziness	B-ADR
.	O
i've	O
been	O
on	O
humira	B-Drug
since	O
2007	O
&	O
love	O
it	O
.	O
<EOS>	O
<USERNAME>	O
<USERNAME>	O
amil	O
isnt	O
so	O
bad	O
,	O
paxil	B-Drug
make	O
everything	O
slow	B-ADR
and	O
haldol	O
is	O
ok	O
,	O
and	O
haldol	O
..	O
i	O
dunno	O
how	O
to	O
explain	O
what	O
it	O
doe	O
<EOS>	O
<USERNAME>	O
i	O
lost	O
weight	B-ADR
in	O
the	O
past	O
but	O
it	O
wa	O
much	O
easier	O
.	O
like	O
2	O
step	O
forward	O
,	O
one	O
step	O
back	O
on	O
the	O
quetiapine	B-Drug
.	O
<EOS>	O
all	O
i	O
have	O
to	O
say	O
is	O
cipro	B-Drug
will	O
mess	O
you	O
up	O
kid	O
.	O
do	O
not	O
get	O
sick	B-Indication
!	O
blagh	O
gross	O
weak	B-ADR
<EOS>	O
<USERNAME>	O
yeaa	O
bihh	O
all	O
jacked	B-ADR
up	I-ADR
on	O
vyvanse	B-Drug
!	O
<EOS>	O
<USERNAME>	O
nope	O
,	O
wa	O
on	O
enbrel	O
5yrs	O
&	O
had	O
to	O
get	O
off	O
due	O
to	O
unrelenting	O
flare	B-ADR
.	O
been	O
on	O
humira	B-Drug
since	O
dec	O
2012	O
.	O
rheum	B-Indication
<EOS>	O
it	O
can	O
get	O
really	O
cold	B-ADR
when	O
you	O
have	O
a	O
hall	O
lozenge	B-Drug
<EOS>	O
<USERNAME>	O
hi	O
i	O
wa	O
on	O
humira	B-Drug
for	O
4	O
month	O
worked	O
great	O
until	O
i	O
got	O
sick	B-ADR
last	O
week	O
.	O
do	O
not	O
know	O
if	O
i	O
will	O
go	O
back	O
on	O
it	O
or	O
not	O
.	O
<EOS>	O
paxil	B-Drug
make	O
it	O
nearly	O
impossible	B-ADR
to	I-ADR
cry	I-ADR
.	O
<EOS>	O
oh	O
,	O
what	O
a	O
great	O
idea	O
watching	O
gordan	O
ramsay	O
cook	O
at	O
4am	O
when	O
i'm	O
hungry	B-ADR
from	O
my	O
seroquel	B-Drug
.	O
<EOS>	O
i	O
rilly	O
want	O
to	O
get	O
off	O
cymbalta	B-Drug
but	O
i	O
do	O
not	O
want	O
to	O
suffer	O
through	O
terrible	O
withdrawal	B-ADR
<EOS>	O
<USERNAME>	O
can	O
reducing	O
fluoxetine	B-Drug
zap	B-ADR
me	I-ADR
of	I-ADR
all	I-ADR
energy	I-ADR
?	O
i've	O
reduced	O
from	O
a	O
high	O
dose	O
,	O
now	O
on	O
standard	O
doe	O
&	O
not	B-ADR
feeling	I-ADR
good	I-ADR
at	O
all	O
.	O
<EOS>	O
i	O
take	O
500mg	O
of	O
lamictal	B-Drug
everyday	O
i'm	O
tired	B-ADR
leave	O
me	O
alone	O
<EOS>	O
this	O
lozenge	B-Drug
is	O
making	O
my	O
whole	O
mouth	O
numb	B-ADR
...	O
is	O
that	O
normal	O
?	O
<EOS>	O
young	O
nigga	O
just	O
gave	O
me	I-ADR
a	O
70mg	O
vyvanse	B-Drug
,	O
these	O
thing	O
can	O
twerk	B-ADR
me	O
out	I-ADR
thank	O
goodness	O
for	O
my	O
script	O
of	O
xanax	O
<EOS>	O
03.25	O
day	O
13	O
rivaroxaban	B-Drug
diary	O
.	O
neck	B-ADR
ache	I-ADR
and	O
right	O
shoulder	B-ADR
ache	O
.	O
lower	O
back	B-ADR
pain	I-ADR
.	O
<EOS>	O
<USERNAME>	O
i	O
wa	O
on	O
tysabri	B-Drug
for	O
50	O
month	O
.	O
i'm	O
in	O
the	O
process	O
of	O
going	O
to	O
tecfedera	O
.	O
it	O
is	O
similar	O
,	O
i	O
needed	O
to	O
get	O
off	O
because	O
of	O
vein	B-ADR
<EOS>	O
<USERNAME>	O
no	O
joke	O
!	O
tysabri	B-Drug
worked	O
like	O
a	O
charm	O
for	O
me	O
,	O
til	O
my	O
immune	B-ADR
system	I-ADR
went	I-ADR
poof	I-ADR
.	O
hopeful	O
about	O
tecfidera	O
:)	O
<EOS>	O
<USERNAME>	O
banana	O
?	O
hot	O
milk	O
?	O
and	O
randomly	O
lettuce	O
!	O
all	O
contain	O
sleepy	O
bye	O
chems	O
.	O
all	O
i	O
have	O
is	O
trazodone	B-Drug
which	O
mean	O
dopey	B-ADR
all	O
day	O
tomo	O
<EOS>	O
the	O
cipro	B-Drug
in	O
you	O
eye	O
burn	B-ADR
but	O
work	O
it	O
buffered	O
for	O
your	O
ear	O
seems	O
stupid	O
but	O
if	O
they	O
take	O
your	O
life	O
take	O
it	O
back	O
<EOS>	O
