vyvanse	B-Drug
,	O
commonly	O
known	O
a	O
ocd	B-ADR
in	O
a	O
pill	O
.	O
<EOS>	O
<USERNAME>	O
when	O
are	O
you	O
going	O
to	O
do	O
true	O
life	O
:	O
i	O
am	O
addicted	B-ADR
to	O
vyvanse	B-Drug
?	O
<EOS>	O
<USERNAME>	O
great	O
read	O
a	O
always	O
.	O
i	O
wa	O
on	O
cymbalta	B-Drug
for	O
5	O
day	O
.	O
cold	O
turkey	O
had	O
sweat	B-ADR
,	O
migraine	B-ADR
,	O
tremor	B-ADR
while	O
on	O
&	O
3	O
day	O
after	O
.	O
<EOS>	O
people	O
taking	O
quetiapine	B-Drug
-	O
doe	O
this	O
need	B-ADR
to	I-ADR
sleep	I-ADR
24/7	I-ADR
go	O
eventually	O
?	O
co	O
this	O
is	O
not	O
sustainable	O
beyond	O
the	O
short	O
term	O
.	O
<EOS>	O
<USERNAME>	O
thank	O
you	O
!	O
it	O
did	O
not	O
even	O
fucking	O
work	O
.	O
i	O
went	O
back	O
to	O
ziprasidone	B-Drug
but	O
now	O
will	O
never	B-ADR
have	I-ADR
another	I-ADR
orgasm	I-ADR
in	O
my	O
life	O
.	O
<EOS>	O
only	O
problem	O
is	O
i'm	O
hungry	B-ADR
.	O
seroquel	B-Drug
nation	O
hunger	B-ADR
:(	O
<EOS>	O
i	O
wonder	O
if	O
seroquel	B-Drug
/	O
then	O
/	O
food	O
still	O
equal	O
restless	B-ADR
leg	I-ADR
<EOS>	O
rivaroxaban	B-Drug
diary	O
day	O
22	O
.	O
last	O
tablet	O
taken	O
tuesday	O
18th	O
,	O
4	O
day	O
ago	O
.	O
woken	O
up	O
in	O
pain	B-ADR
.	O
bad	O
fluid	B-ADR
retention	I-ADR
(	O
uneven	O
)	O
on	O
both	O
leg	O
.	O
<EOS>	O
every	O
since	O
i	O
stopped	O
taking	O
that	O
paxil	B-Drug
i	O
have	O
not	O
been	O
so	O
damn	O
emotional	B-ADR
...	O
i	O
think	O
!	O
<EOS>	O
cymbalta	B-Drug
,	O
you're	O
driving	B-ADR
me	I-ADR
insane	I-ADR
.	O
<EOS>	O
twothingsthatdontmixwell	O
venlafaxine	B-Drug
and	O
alcohol	O
-	O
you'll	O
cry	B-ADR
and	O
throw	B-ADR
chair	I-ADR
at	O
your	O
mom's	O
bbq	O
.	O
<EOS>	O
<USERNAME>	O
i	O
hated	O
effexor	B-Drug
.	O
it	O
make	O
you	O
hungry	B-ADR
,	O
dizzy	B-ADR
,	O
and	O
lethargic	B-ADR
.	O
that	O
culminated	O
in	O
a	O
large	O
weight	B-ADR
gain	I-ADR
for	O
me	O
.	O
<EOS>	O
<USERNAME>	O
i	O
clock	O
in	O
at	O
16	O
stone	I-ADR
(	O
added	B-ADR
1	I-ADR
stone	O
since	O
quetiapine	B-Drug
)	O
and	O
according	O
to	O
that	O
bmi	O
thing	O
i'm	O
obese	O
,	O
which	O
i'm	O
clearly	O
not	O
.	O
<EOS>	O
i	I-ADR
really	O
hate	O
the	O
fact	O
that	O
i	O
feel	B-ADR
like	I-ADR
i	O
need	I-ADR
to	I-ADR
throw	I-ADR
up	I-ADR
while	O
at	O
work	O
.	O
maybe	O
taking	O
my	O
vyvanse	B-Drug
was	O
not	O
a	O
good	O
idea	O
<EOS>	O
<USERNAME>	O
to	O
it	O
,	O
and	O
now	O
i'm	O
on	O
humira	B-Drug
with	O
just	O
the	O
bloat	B-ADR
to	O
battle	O
.	O
thing	O
sometimes	O
get	O
super	O
shitty	O
in	O
every	O
sense	O
.	O
but	O
stay	O
strong	O
xx	O
<EOS>	O
i	O
think	O
that	O
vyvanse	B-Drug
is	O
making	O
me	O
grind	B-ADR
my	I-ADR
teeth	I-ADR
...	O
<EOS>	O
officially	O
addicted	B-ADR
to	O
nicotine	B-Drug
<EOS>	O
levaquin	B-Drug
suck	O
.	O
blinding	O
headache	B-ADR
.	O
vomiting	B-ADR
.	O
diarrhea	B-ADR
.	O
time	O
for	O
my	O
next	O
dose	O
.	O
happy	O
weekend	O
.	O
tmi	O
fml	O
<EOS>	O
<USERNAME>	O
<USERNAME>	O
i	O
also	O
have	O
nuasea	B-ADR
and	O
low	B-ADR
grade	I-ADR
temp	I-ADR
and	O
on	O
humira	B-Drug
should	O
i	O
go	O
check	O
it	O
out	O
?	O
?	O
<EOS>	O
nicotine	B-Drug
withdrawal	B-ADR
2daysdown	O
forevertogo	O
headache	B-ADR
irritable	B-ADR
toomanyhashtags	O
makeitstop	O
<EOS>	O
<USERNAME>	O
i'm	O
good	O
been	O
on	O
25mg	O
mtx	O
for	O
year	O
then	O
switched	O
to	O
leflunomide	B-Drug
back	O
mtx	O
the	O
other	O
caused	O
tummy	B-ADR
trouble	I-ADR
.	O
why	O
r	O
u	O
off	O
enbrel	B-Drug
<EOS>	O
<USERNAME>	O
cipro	B-Drug
is	O
awful	O
make	O
me	O
sick	B-ADR
a	O
a	O
dog	O
too	O
<EOS>	O
<USERNAME>	O
i	O
take	O
trazodone	B-Drug
for	O
my	O
insomina	B-Indication
&	O
still	O
have	O
a	O
hard	O
time	O
falling	O
asleep	O
or	O
i	O
end	O
up	O
having	O
crazy	B-ADR
dream	I-ADR
that	O
wake	O
me	O
up	O
!	O
?	O
!	O
ozsleep	O
<EOS>	O
although	O
taking	O
it	O
now	O
would	O
run	O
counter	O
to	O
my	O
current	O
"	O
food	O
+	O
seroquel	B-Drug
=	O
rls	B-ADR
"	O
philosophy	O
<EOS>	O
so	O
glad	O
to	O
have	O
just	O
finished	O
a	O
course	O
of	O
cipro	B-Drug
!	O
finger	O
crossed	O
i	O
can	O
stay	O
off	O
of	O
nausea	B-ADR
inducing	O
med	O
for	O
the	O
next	O
little	O
while	O
...	O
<EOS>	O
<USERNAME>	O
i	O
tried	O
coming	O
off	I-ADR
my	O
olanzapine	B-Drug
twice	O
in	O
the	O
past	O
3	O
year	O
without	O
telling	O
my	O
psych	O
-	O
unfortunately	O
too	O
difficult	B-ADR
to	I-ADR
come	I-ADR
off	O
!	O
<EOS>	O
i	O
can	O
feel	O
my	O
heart	O
starting	O
to	O
palpitate	B-ADR
from	O
vyvanse	B-Drug
,	O
red	O
bull	O
,	O
and	O
nicotine	O
.	O
that's	O
probably	O
par	O
for	O
the	O
course	O
for	O
final	O
week	O
,	O
right	O
?	O
<EOS>	O
day	O
3	O
without	O
venlafaxine	B-Drug
.	O
worst	O
drug	O
ever	O
to	O
withdraw	B-ADR
from	O
?	O
any	O
support	O
much	O
appreciated	O
!	O
<EOS>	O
<USERNAME>	O
i	O
had	O
to	O
take	O
paroxetine	B-Drug
tablet	O
for	O
a	O
year	O
nd	O
a	O
side	O
effect	O
is	O
weight	B-ADR
gain	I-ADR
,	O
it	O
went	O
to	O
my	O
core	O
.	O
off	O
them	O
now	O
bt	O
ca	O
not	O
shift	O
it	O
!	O
<EOS>	O
i	O
think	O
this	O
olanzapine	B-Drug
make	O
me	O
crazier	B-ADR
.	O
<EOS>	O
<USERNAME>	O
oy	O
..	O
i'm	O
allergic	B-ADR
to	O
paxil	B-Drug
.	O
make	O
me	O
physically	O
puke	B-ADR
did	O
not	O
understand	O
why	O
.	O
i	O
see	O
a	O
psych	O
.	O
i'm	O
on	O
100mg	O
of	O
zoloft	O
.	O
<EOS>	O
i'm	O
sorry	O
you	O
have	O
ostrich	O
halitosis	B-ADR
<USERNAME>	O
but	O
that	O
is	O
a	O
side	O
effect	O
of	O
once	O
monthly	O
boniva	B-Drug
.	O
<EOS>	O
<USERNAME>	O
wa	O
getting	O
out	O
of	O
control	O
.	O
i	O
had	O
no	O
idea	O
that	O
coming	B-ADR
off	I-ADR
it	I-ADR
would	O
be	O
so	O
awful	O
.	O
other	O
than	O
paroxetine	B-Drug
,	O
i	O
thought	O
ssri	O
were	O
easy	O
<EOS>	O
<USERNAME>	O
i'm	O
sure	O
it	O
help	O
that	O
you	O
are	O
so	O
active	O
.	O
i	O
did	O
eventually	O
lose	O
my	O
olanzapine	B-Drug
lb	I-ADR
,	O
so	O
there	O
is	O
hope	O
.	O
:)	O
<EOS>	O
popped	O
a	O
fluoxetine	B-Drug
im	O
sweating	B-ADR
<EOS>	O
what	O
to	O
do	O
?	O
not	O
looking	O
forward	O
to	O
cold	O
turkey	O
withdrawal	B-ADR
from	O
pristiq	B-Drug
...	O
sense	O
of	O
impending	O
doom	O
.	O
anxiety	O
only	O
make	O
the	O
situation	O
worse	O
.	O
<EOS>	O
pop	O
a	O
trazodone	B-Drug
i	O
have	O
fuckin	O
dry	B-ADR
mouth	I-ADR
<EOS>	O
<USERNAME>	O
i	O
am	O
on	O
only	O
25mg	O
lamictal	B-Drug
but	O
it	O
make	O
me	O
anxious	B-ADR
and	O
insomniac	B-ADR
so	O
i	O
skip	O
sometimes	O
and	O
get	O
depressed	B-Indication
.	O
<EOS>	O
so	O
it	O
fucking	O
turn	O
out	O
that	O
a	O
side	O
effect	O
of	I-ADR
effexor	B-Drug
is	O
a	O
loss	B-ADR
of	O
appetite	I-ADR
<EOS>	O
vyvanse	B-Drug
is	O
a	O
hell	O
of	O
a	O
drug	O
.	O
you	O
get	O
expensive	O
insomnia	B-ADR
!	O
and	O
you	O
get	O
expensive	O
insomnia	O
!	O
<EOS>	O
oh	O
man	O
!	O
i've	O
been	O
a	O
total	O
quetiapine	B-Drug
zombie	B-ADR
all	O
morning	O
!	O
i've	O
been	O
taking	O
them	O
for	O
year	O
but	O
every	O
now	O
+	O
then	O
they	O
really	O
mess	O
me	O
up	O
!	O
<EOS>	O
all	B-ADR
nighter	I-ADR
is	O
killing	O
me	O
right	O
now	O
,	O
i	O
hate	O
you	O
vyvanse	B-Drug
<EOS>	O
<USERNAME>	O
i've	O
had	O
cipro	B-Drug
before	O
.	O
luckily	O
for	O
me	O
,	O
the	O
only	O
side	O
fx	O
i	O
tend	O
to	O
get	O
from	O
ab	O
is	O
gastic	B-ADR
upset	I-ADR
.	O
but	O
i	O
rarely	O
use	O
ab	O
.	O
<EOS>	O
02.03	O
rivaroxaban	B-Drug
diary	O
day	O
20	O
.	O
some	O
neck	B-ADR
pain	I-ADR
and	O
leg	B-ADR
still	I-ADR
weak	I-ADR
,	O
but	O
feeling	O
much	O
better	O
.	O
very	O
warm	O
night	O
.	O
<EOS>	O
lamotrigine	B-Drug
headache	B-ADR
suck	O
:(	O
i	O
wanna	O
curl	O
up	O
&	O
cry	O
.	O
<EOS>	O
this	O
higher	O
dose	O
of	O
cymbalta	B-Drug
is	O
making	O
me	O
extremely	O
tired	B-ADR
and	O
anxious	B-ADR
.	O
is	O
this	O
normal	O
?	O
<EOS>	O
why	O
must	O
i	O
be	O
so	O
tired	B-ADR
.	O
this	O
spell	O
better	O
just	O
be	O
new	O
med	O
beginning	O
&	O
go	O
away	O
!	O
tysabri	B-Drug
<EOS>	O
<USERNAME>	O
does	O
not	O
work	O
.	O
citilopram	O
then	O
fluoxetine	B-Drug
before	O
,	O
bothe	O
did	O
nothing	O
for	O
my	O
mood	B-Indication
but	O
made	O
me	O
vomit	B-ADR
so	O
much	O
i	O
lost	B-ADR
4	I-ADR
stone	I-ADR
in	O
6mo	O
.	O
<EOS>	O
anyone	O
who	O
will	O
listen	O
:	O
never	O
ever	O
take	O
effexor	O
/	O
venlafaxine	B-Drug
.	O
paraesthesia	B-ADR
abound	O
.	O
<EOS>	O
i	O
do	O
not	O
know	O
if	O
vyvanse	B-Drug
wa	O
a	O
good	O
idea	O
nosleep	B-ADR
<EOS>	O
rp	O
mcmurphy	O
wa	O
right	O
about	O
the	O
trazodone	B-Drug
being	O
my	O
new	O
favorite	O
bed-buddy	O
.	O
rip	O
,	O
melatonin	B-Drug
dream	B-ADR
.	O
you	O
were	O
getting	O
too	O
weird	O
-	O
even	O
for	O
me	O
.	O
<EOS>	O
<USERNAME>	O
oh	O
yuck	O
.	O
we	O
all	O
have	O
our	O
least	O
favorite	O
body	O
fluid	O
.	O
mine	O
is	O
aerosolized	O
blood	O
.	O
nosebleed	B-ADR
on	O
xarelto	B-Drug
-	O
eeeew	O
<EOS>	O
<USERNAME>	O
quetiapine	B-Drug
knocked	B-ADR
me	I-ADR
sidewards	I-ADR
for	O
a	O
week	O
then	O
i	O
suddenly	O
woke	O
up	O
activated	O
.	O
then	O
relapsed	O
,	O
upped	O
dose	O
,	O
activated	O
&	O
so	O
on	O
<EOS>	O
<USERNAME>	O
<USERNAME>	O
i	O
did	O
not	O
stay	O
long	O
.	O
and	O
i	O
took	O
a	O
vyvanse	B-Drug
so	O
i	O
ca	B-ADR
not	I-ADR
go	I-ADR
back	I-ADR
to	I-ADR
sleep	I-ADR
.	O
lol	O
<EOS>	O
do	O
you	O
know	O
how	O
badly	O
i	O
want	O
a	O
cigarette	O
right	O
now	O
?	O
but	O
no	O
.	O
i	O
manfully	O
suffer	O
through	O
nicotine	B-Drug
withdrawal	B-ADR
	O
all	O
for	O
you	O
sacrifice	O
<EOS>	O
i'm	O
void	I-ADR
of	I-ADR
nicotine	B-Drug
and	O
my	O
mood	B-ADR
are	I-ADR
void	O
of	O
stability	I-ADR
.	O
<EOS>	O
cymbalta	B-Drug
withdrawal	B-ADR
<	O
<	O
<	O
<EOS>	O
one	O
of	O
the	O
thing	O
i	O
hate	O
most	O
about	O
quetiapine	B-Drug
is	O
when	O
i	O
take	O
it	O
for	O
the	O
first	O
few	O
hour	O
i	O
slur	B-ADR
my	O
word	O
,	O
so	O
people	O
assume	O
i'm	O
merely	O
drunk	O
.	O
<EOS>	O
<USERNAME>	O
...	O
my	O
old	O
one	O
!	O
plus	O
caffeine	O
in	O
the	O
morning	O
counteracts	O
these	O
quite	O
nicely	O
whereas	O
quetiapine	B-Drug
hangover	B-ADR
were	O
unshiftable	O
<EOS>	O
do	O
i	O
come	O
off	O
my	O
medication	O
or	O
do	O
i	O
just	O
continue	O
to	O
be	O
a	O
prozac	B-Drug
zombie	B-ADR
<EOS>	O
<USERNAME>	O
<USERNAME>	O
lexapro	B-Drug
gave	O
me	O
the	O
worst	O
mixed	B-ADR
episode	I-ADR
.	O
i	O
have	O
some	O
instability	B-ADR
with	O
pristiq	B-Drug
but	O
i	O
can	O
manage	O
it	O
ok	O
.	O
<EOS>	O
<USERNAME>	O
same	O
with	O
venlafaxine	B-Drug
,	O
1	O
user	O
i	O
spoke	O
to	O
yr	O
ago	O
stopped	O
taking	O
that	O
when	O
she	O
started	O
having	O
acid	B-ADR
like	I-ADR
trip	I-ADR
losing	O
hour	O
at	O
a	O
time	O
<EOS>	O
<USERNAME>	O
<USERNAME>	O
wa	O
on	O
lamotrigine	B-Drug
for	O
about	O
5	O
month	O
,	O
got	O
taken	O
off	O
them	O
due	O
to	O
a	O
rash	B-ADR
on	O
my	O
elbow	O
:/	O
now	O
i	O
feel	O
more	O
meh	O
<EOS>	O
<USERNAME>	O
<USERNAME>	O
joe	O
is	O
on	O
pristiq	B-Drug
and	O
he	O
get	O
weird	O
brain	B-ADR
zap	I-ADR
/	O
twitch	B-ADR
thing	O
too	O
.	O
<EOS>	O
<USERNAME>	O
some	O
day	O
i	O
should	O
try	O
fluoxetine	B-Drug
again	O
.	O
it	O
made	O
me	O
all	O
suicidal	B-ADR
the	O
first	O
time	O
,	O
but	O
i	O
wa	O
18	O
<EOS>	O
that	O
seroquel	B-Drug
had	O
me	O
sleepy	B-ADR
a	O
fuck	O
alllll	O
damn	O
day	O
<EOS>	O
<USERNAME>	O
<USERNAME>	O
realtalk	O
:	O
until	O
i	O
started	O
taking	O
wellbutrin	O
,	O
effexor	B-Drug
robbed	O
me	O
of	O
the	O
ability	B-ADR
to	I-ADR
cum	I-ADR
<EOS>	O
got	O
offered	O
a	O
seat	O
on	O
the	O
tube	O
this	O
morning	O
.	O
quetiapine	B-Drug
,	O
like	O
pregnancy	O
,	O
but	O
hungrier	B-ADR
.	O
bipolar	B-ADR
lifestyle	O
choice	O
<EOS>	O
<USERNAME>	O
yikes	O
!	O
i	O
can	O
usually	O
fight	O
adderall	O
/	O
vyvanse	B-Drug
dehydration	B-ADR
with	O
water	O
,	O
but	O
it's	O
trickier	O
when	O
you're	O
drinking	O
your	O
stimulant	O
.	O
<EOS>	O
venlafaxine	B-Drug
hangover	B-ADR
finally	O
starting	O
to	O
shift	O
after	O
2	O
huge	O
mug	O
of	O
hot	O
water	O
with	O
giant	O
piece	O
of	O
lemon	O
...	O
<EOS>	O
<USERNAME>	O
yeah	O
,	O
generic	O
venlafaxine	B-Drug
ha	O
about	O
four	O
different	O
slow	O
release	O
formulation	O
,	O
i	O
got	O
withdrawal	B-ADR
from	O
some	O
.	O
<EOS>	O
yay	O
mom's	O
giving	O
me	O
baclofen	B-Drug
when	O
i	O
get	O
home	O
~	O
i'll	O
probably	O
still	O
be	O
gorked	B-ADR
for	O
my	O
physic	O
final	O
but	O
i	O
kinda	O
do	O
not	O
give	O
a	O
fuck	O
.	O
<EOS>	O
anyway	O
,	O
i	O
wa	I-ADR
just	O
feeling	O
itchy	B-ADR
and	O
my	O
neck	B-ADR
wa	O
red	I-ADR
so	O
they	O
gave	O
me	O
benedryl	O
with	O
my	O
tysabri	B-Drug
.	O
might	O
be	O
a	O
coincidence	O
but	O
just	O
in	O
case	O
<EOS>	O
<USERNAME>	O
sometimes	O
my	O
humira	B-Drug
pen	O
make	O
me	O
feel	O
like	O
i'm	O
90	O
year	O
old	O
due	O
to	O
the	O
joint	B-ADR
pain	I-ADR
everywhere	O
.	O
<EOS>	O
that	O
seroquel	B-Drug
ha	O
been	O
given	O
me	O
some	O
seriously	O
fucked	B-ADR
up	I-ADR
dream	I-ADR
.	O
<EOS>	O
<USERNAME>	O
<USERNAME>	O
zimmerman	O
wa	O
removed	O
from	O
vyvanse	B-Drug
for	O
mood	B-ADR
swing	I-ADR
before	O
he	O
wa	O
put	O
on	O
adderall	O
see	O
med	O
report	O
:p	O
<URL>	O
<EOS>	O
well	O
,	O
yesterday	O
wa	O
rubbish	O
(	O
post	O
humira	B-Drug
)	O
all	O
day	O
in	O
bed	O
,	O
load	O
of	O
pain	B-ADR
etc.just	O
got	O
up	O
and	O
i	O
think	O
i'm	O
alright	O
?	O
give	O
it	O
an	O
hour	O
and	O
reassess	O
lol	O
<EOS>	O
<USERNAME>	O
i've	O
had	O
too	O
much	O
quetiapine	B-Drug
today	O
-	O
i'm	O
zombified	B-ADR
.	O
<EOS>	O
<USERNAME>	O
tried	O
lithium	O
&	O
depakote	O
been	O
reading	O
up	O
on	O
lamotrigine	O
it	O
wa	O
suggested	O
but	O
had	O
such	O
nightmare	B-ADR
with	O
quetiapine	B-Drug
wa	O
scared	O
to	O
try	O
<EOS>	O
the	O
cymbalta	B-Drug
certainly	O
is	O
addictive	B-ADR
&	O
it	O
fda	O
approved	O
...	O
<EOS>	O
<USERNAME>	O
<USERNAME>	O
cymbalta	B-Drug
withdrawal	B-ADR
is	O
getting	O
top	O
billing	O
at	O
the	O
moment	O
,	O
however	O
.	O
ugh	O
!	O
xx	O
<EOS>	O
fucking	O
effexor	B-Drug
withdrawal	B-ADR
.	O
i	O
would	O
shake	O
my	O
fist	O
but	O
i	O
do	B-ADR
not	I-ADR
have	I-ADR
the	I-ADR
energy	I-ADR
.	O
<EOS>	O
<USERNAME>	O
that	O
suck	O
.	O
humira	B-Drug
made	O
me	O
so	O
sick	B-ADR
.	O
remicade	B-Drug
helped	O
a	O
but	O
,	O
but	O
then	O
seizure	B-ADR
put	O
that	O
out	O
.	O
now	O
waiting	O
,	O
just	O
prednisone	O
now	O
.	O
<EOS>	O
02.20	O
day	O
19	O
rivaroxaban	B-Drug
diary	O
woken	O
up	O
with	O
pain	B-ADR
in	I-ADR
head	I-ADR
,	O
neck	B-ADR
,	O
back	B-ADR
,	O
hip	B-ADR
and	O
leg	B-ADR
.	O
seeing	O
doc	O
in	O
7	O
hour	O
.	O
no	O
way	O
am	O
i	O
continuin	O
with	O
rvxn	O
<EOS>	O
i	O
have	O
got	O
to	O
stop	O
taking	O
my	O
vyvanse	B-Drug
so	O
late	O
!	O
!	O
nosleep	B-ADR
add	B-Indication
problems	O
<EOS>	O
magically	O
my	O
appetite	B-ADR
ha	O
gone	O
back	O
to	O
normal	O
since	O
going	O
off	O
seroquel	B-Drug
!	O
well	O
,	O
well	O
,	O
well	O
-	O
i	O
wa	O
right	O
,	O
the	O
doctor	O
wa	O
wrong	O
.	O
<EOS>	O
i	O
might	O
have	O
gained	B-ADR
30	I-ADR
lb	I-ADR
in	O
6	O
week	O
on	O
zyprexa	B-Drug
...	O
have	O
not	O
lost	O
that	O
weight	O
yet	O
,	O
and	O
it's	O
been	O
12	O
year	O
now	O
.	O
call	O
doc	O
if	O
it	O
happens	O
to	O
you	O
.	O
<EOS>	O
effexor	B-Drug
xr	O
side	O
effect	O
:	O
-	O
sucidal	B-ADR
thought	I-ADR
-	O
insomnia	B-ADR
-	O
feeling	B-ADR
high	I-ADR
&	O
unresponsible	B-ADR
.	O
-	O
dry	B-ADR
mouth	I-ADR
.	O
<EOS>	O
ok	O
i've	O
got	O
a	O
med	O
?	O
anyone	O
ever	O
tried	O
cymbalta	B-Drug
?	O
?	O
my	O
doc	O
put	O
me	O
on	O
it	O
but	O
i	O
slept	B-ADR
10	I-ADR
hr	I-ADR
straight	O
!	O
!	O
<EOS>	O
had	O
a	O
dream	B-ADR
my	O
eye	O
got	O
burned	O
out	O
of	O
my	O
head	O
.	O
thank	O
you	O
trazodone	B-Drug
<EOS>	O
damn	O
i	O
need	B-ADR
to	I-ADR
sleep	I-ADR
,	O
fucken	O
vyvanse	B-Drug
<EOS>	O
starting	O
humira	B-Drug
tomorrow	O
.	O
:)	O
i	O
wonder	O
if	O
it	O
will	O
make	O
me	O
tired	B-ADR
for	O
a	O
day	O
or	O
so	O
like	O
remicade	B-Drug
did	O
.	O
if	O
it	O
work	O
,	O
it's	O
worth	O
it	O
.	O
<EOS>	O
prozac	O
and	O
paxil	B-Drug
have	O
the	O
same	O
effect	O
.	O
well	O
,	O
shit	O
.	O
no	O
wonder	O
i	O
fucking	O
have	O
insomnia	B-ADR
after	O
i	O
told	O
him	O
i	O
have	O
it	O
.	O
<EOS>	O
i	O
have	O
put	B-ADR
on	I-ADR
weight	I-ADR
(	O
thanks	O
m	B-Indication
and	O
tysabri	B-Drug
)	O
.	O
always	O
look	O
on	O
the	O
bright	O
side	O
:	O
time	O
for	O
a	O
<USERNAME>	O
t-shirt	O
spree	O
!	O
winning	O
<EOS>	O
<USERNAME>	O
i'm	O
not	O
lazy	O
!	O
!	O
my	O
seroquel	B-Drug
knocked	B-ADR
me	I-ADR
out	I-ADR
!	O
!	O
<EOS>	O
<USERNAME>	O
the	O
only	O
thing	O
i	O
know	O
i'm	O
allergic	B-ADR
to	O
are	O
sulfa	O
drug	O
and	O
ciprofloxacin	B-Drug
.	O
<EOS>	O
<USERNAME>	O
lamictal	B-Drug
make	O
you	O
sleepy	B-ADR
at	O
night	O
,	O
but	O
i	O
take	O
it	O
around	O
10	O
or	O
so	O
.	O
once	O
you	O
get	O
in	O
the	O
system	O
,	O
you	O
start	O
falling	O
asleep	O
normally	O
.	O
<EOS>	O
<USERNAME>	O
i	O
knowwishful	O
thinking	O
.	O
my	O
humira	B-Drug
shot	O
does	B-ADR
not	I-ADR
even	I-ADR
work	I-ADR
for	I-ADR
me	I-ADR
anymore	I-ADR
and	O
when	O
it	O
doe	O
i	O
get	O
so	O
sick	B-ADR
.	O
<EOS>	O
going	O
through	O
a	O
real	O
bad	O
nicotine	B-Drug
withdraw	B-ADR
...	O
<EOS>	O
result	O
of	O
accidentally	O
taking	O
100	O
mg	O
of	O
vyvanse	B-Drug
last	O
night	O
:	O
i	O
took	O
it	O
at	O
11:00	O
am	O
and	O
wa	O
wide	B-ADR
awake	I-ADR
until	O
3:30	O
this	O
morning	O
..	O
<EOS>	O
i'm	O
feeling	O
extra	O
ocd	B-ADR
right	O
now	O
.	O
like	O
chill	O
out	O
melissa	O
.	O
my	O
vyvanse	B-Drug
ha	O
me	O
wired	B-ADR
or	O
something	O
...	O
<EOS>	O
act	O
now	O
and	O
get	O
our	O
deluxe	O
cyde-fx	O
set	O
absolutely	O
free	O
!	O
experience	O
lucid	B-ADR
dreaming	I-ADR
and	O
sleep	B-ADR
paralysis	I-ADR
like	O
never	O
before	O
!	O
quetiapine	B-Drug
<EOS>	O
<USERNAME>	O
i	O
cant	B-ADR
sleep	I-ADR
im	O
having	O
a	O
well	O
bad	O
nicotine	B-Drug
craving	B-ADR
<EOS>	O
<USERNAME>	O
i	O
ha	O
beta	O
blocker	O
now	O
,	O
apparently	O
the	O
fluoxetine	B-Drug
can	O
cause	O
panic	B-ADR
attack	I-ADR
^	O
_	O
^	O
<EOS>	O
<USERNAME>	O
it's	O
called	O
seroquel	B-Drug
prolong	O
(	O
quetiapine	O
)	O
.	O
apart	O
from	O
the	O
weight	B-ADR
gain	I-ADR
,	O
i	O
am	O
actually	O
quite	O
happy	O
with	O
it	O
.	O
<EOS>	O
tysabri	B-Drug
bruise	B-ADR
are	O
the	O
<URL>	O
<EOS>	O
<USERNAME>	O
combining	O
them	O
with	O
the	O
quetiapine	B-Drug
make	O
me	O
hallucinate	B-ADR
:/	O
<EOS>	O
<USERNAME>	O
because	O
i	O
realized	O
vyvanse	B-Drug
after	O
a	O
certain	O
time	O
of	O
taking	O
it	O
increased	O
my	O
anxiety	B-ADR
and	O
made	O
me	O
more	O
irrational	B-ADR
.	O
<EOS>	O
i'm	O
loosing	B-ADR
so	I-ADR
much	I-ADR
blood	I-ADR
right	O
now	O
.	O
humira	B-Drug
is	O
some	O
scurry	O
ish	O
.	O
<EOS>	O
this	O
vyvanse	B-Drug
is	O
keeping	B-ADR
me	I-ADR
up	I-ADR
tho	O
but	O
i	O
want	O
to	O
sleep	O
<EOS>	O
ready	B-ADR
for	I-ADR
bed	I-ADR
but	I-ADR
vyvanse	B-Drug
is	I-ADR
saying	I-ADR
no	I-ADR
forciblynocturnal	B-ADR
<EOS>	O
i	O
reckon	O
i	O
have	O
drug-induced	O
oedema	B-ADR
causing	O
musculo-skeletal	B-ADR
pain	I-ADR
.	O
likely	O
drug	O
combination	O
:	O
rivaroxaban	B-Drug
,	O
losartan	O
,	O
and	O
simvastatin	O
.	O
<EOS>	O
i	O
think	O
my	O
tablet	O
have	O
made	O
me	O
gain	B-ADR
weight	I-ADR
.	O
anyone	O
on	O
fluoxetine	B-Drug
/	O
prozac	O
?	O
replytweet	O
<EOS>	O
<USERNAME>	O
i	O
wa	O
on	O
azathioprine	O
for	O
about	I-ADR
8	O
year	O
,	O
it	O
worked	O
well	O
,	O
now	O
on	O
humira	B-Drug
instead	O
though	O
which	O
is	O
knocking	B-ADR
me	I-ADR
about	O
<EOS>	O
<USERNAME>	O
oh	O
i	O
hate	O
that	O
!	O
i	O
used	O
to	O
be	O
on	O
citalopram	B-Drug
,	O
it	O
stopped	B-ADR
working	I-ADR
eventually	O
.	O
sometimes	O
i	O
have	O
to	O
up	O
my	O
effexor	B-Drug
dose	O
temporarily	O
.	O
<EOS>	O
<USERNAME>	O
it	O
was	O
not	O
an	O
easy	O
victory	O
though	O
.	O
felt	B-ADR
like	I-ADR
chemo	I-ADR
with	O
the	O
cipro	B-Drug
.	O
a	O
for	O
the	O
heart	O
,	O
i	O
meant	O
for	O
study	O
purpose	O
.	O
<EOS>	O
<USERNAME>	O
i'm	O
a	O
bit	O
drunk	B-ADR
it	O
my	O
prozac	B-Drug
<EOS>	O
do	O
the	O
people	O
that	O
make	O
the	O
blu	O
e-cig	O
not	O
fucking	O
understand	O
what	O
addiction	B-ADR
to	O
nicotine	B-Drug
is	O
?	O
!	O
where	O
is	O
it	O
already	O
<EOS>	O
no	B-ADR
taste	I-ADR
for	O
you	O
-	O
vyvanse	B-Drug
<EOS>	O
do	O
not	O
ever	O
take	O
a	O
vyvanse	B-Drug
and	O
drink	O
an	O
energy	O
drink	O
.	O
your	O
heart	B-ADR
will	I-ADR
explode	I-ADR
<EOS>	O
my	O
vyvanse	B-Drug
is	O
seriously	O
about	O
to	O
drive	B-ADR
me	I-ADR
crazy	I-ADR
<EOS>	O
<USERNAME>	O
probably	O
the	O
combination	O
with	O
my	O
fluoxetine	B-Drug
.	O
but	O
i	O
ca	O
not	O
move	O
that	O
to	O
night	O
time	O
,	O
it	O
make	O
me	O
have	O
bad	B-ADR
dream	I-ADR
.	O
<EOS>	O
21.36	O
day	O
9	O
rivaroxaban	B-Drug
diary	O
.	O
particularly	O
bad	O
lower	O
back	B-ADR
ache	I-ADR
had	O
not	O
eased	O
by	O
14.00	O
so	O
went	O
to	O
bed	O
.	O
much	O
better	O
when	O
i	O
woke	O
at	O
19.00	O
.	O
<EOS>	O
3	O
round	O
of	O
puking	B-ADR
,	O
a	O
nasty	O
headache	B-ADR
,	O
and	O
my	O
throat	B-ADR
is	I-ADR
raw	I-ADR
.	O
body	O
want	O
nothing	O
to	O
do	O
with	O
this	O
increase	O
in	O
the	O
geodon	B-Drug
.	O
<EOS>	O
<USERNAME>	O
i	O
recently	O
stopped	O
taking	O
effexor	B-Drug
225	O
what	O
can	O
i	O
do	O
to	O
ease	O
my	O
withdrawls	B-ADR
?	O
i	O
feel	O
miserable	B-ADR
right	O
now	O
and	O
very	O
angry	B-ADR
.	O
please	O
any	O
idea	O
<EOS>	O
<USERNAME>	O
bum	O
.	O
i	O
wa	O
worried	O
about	O
mania	O
on	O
them	O
,	O
but	O
i	O
think	O
the	O
biffiness	B-ADR
is	O
going	O
to	O
be	O
worse	O
,	O
especially	O
coupled	O
with	O
quetiapine	B-Drug
.	O
<EOS>	O
<USERNAME>	O
lucky	O
bitch	O
i	O
took	O
vyvanse	B-Drug
today	O
a	O
it	O
make	O
me	O
not	B-ADR
eat	I-ADR
i	O
just	O
wanna	O
be	O
able	O
to	O
wanna	O
eat	O
ugh	O
<EOS>	O
<USERNAME>	O
i	O
found	O
it	O
worked	O
better	O
for	O
me	O
than	O
quetiapine	B-Drug
because	O
it	O
did	O
not	O
make	O
me	O
a	O
drowsy	B-ADR
.	O
<EOS>	O
i	O
guess	O
this	O
is	O
what	O
i	O
get	O
for	O
doubling	O
my	O
vyvanse	B-Drug
nosleep	B-ADR
<EOS>	O
<USERNAME>	O
<USERNAME>	O
...	O
used	O
to	O
be	O
on	O
them	O
justaddanother	O
...	O
worst	O
wa	O
the	O
psychotic	B-ADR
episode	I-ADR
when	O
starting	O
paxil	B-Drug
but	O
one	O
of	O
my	O
favs	O
<EOS>	O
<USERNAME>	O
<USERNAME>	O
cymbalta	B-Drug
withdrawal	B-ADR
is	O
getting	O
top	O
billing	O
at	O
the	O
moment	O
,	O
however	O
.	O
ugh	O
!	O
xx	O
<EOS>	O
<USERNAME>	O
taking	O
someone	O
off	O
150mg	O
off	O
seroquel	B-Drug
,	O
mixing	O
it	O
with	O
olanzapine	O
in	O
2	O
wks	O
cause	O
psychosis	B-ADR
-	O
a	O
proper	O
ass	O
wa	O
not	O
done	O
.	O
<EOS>	O
<USERNAME>	O
i	O
tried	O
fluoxetine	B-Drug
.	O
it	O
knocked	B-ADR
me	I-ADR
out	I-ADR
.	O
<EOS>	O
this	O
quetiapine	B-Drug
is	O
not	O
working	O
damnit	O
!	O
!	O
!	O
doe	O
make	O
me	O
hungry	B-ADR
at	O
night	O
though	O
...	O
*	O
sigh	O
*	O
<EOS>	O
zoloft	O
wa	O
just	O
a	O
bad	O
a	O
effexor	B-Drug
.	O
it	O
made	O
me	O
more	O
depressed	B-ADR
and	O
more	O
suicidal	B-ADR
.	O
i	O
do	O
not	O
want	O
it	O
.	O
<EOS>	O
<USERNAME>	O
:	O
any	O
idea	O
on	O
treating	O
depression	B-Indication
naturally	O
paxil	B-Drug
is	O
making	O
me	O
gain	B-ADR
unwanted	I-ADR
pound	I-ADR
and	O
water	B-ADR
weight	I-ADR
...	O
thanks	O
<EOS>	O
<USERNAME>	O
off	O
venlafaxine	B-Drug
which	O
wa	O
pure	O
hell	O
for	O
me	O
,	O
i	O
ca	O
not	O
switch	O
these	O
med	O
anymore	O
,	O
tired	O
of	O
feeling	B-ADR
like	I-ADR
shit	I-ADR
all	O
day	O
.	O
<EOS>	O
<USERNAME>	O
i	O
have	O
not	O
had	O
an	O
orgasm	B-ADR
in	O
a	O
long	O
time	O
..	O
wtf	O
..	O
paxil	B-Drug
<EOS>	O
no	O
pain	B-ADR
is	O
worse	O
than	O
humira	B-Drug
.	O
not	O
even	O
arthritis	B-Indication
.	O
lmfao	O
.	O
<EOS>	O
anyone	O
else	O
have	O
worsening	O
acne	B-ADR
problem	O
since	O
starting	O
enbrel	B-Drug
for	O
autoimmune	B-Indication
disease	I-Indication
?	O
<EOS>	O
<USERNAME>	O
my	O
old	O
one	O
took	O
2	O
day	O
for	O
withdrawal	B-ADR
but	O
effexor	B-Drug
which	O
i'm	O
on	O
now	O
i	O
will	O
get	O
them	O
the	O
next	O
day	O
:/	O
i	O
wish	O
i	O
could	O
email	O
you	O
valium	O
<EOS>	O
<USERNAME>	O
jeez	O
,	O
and	O
to	O
think	O
i'm	O
suffering	O
without	O
my	O
pristiq	B-Drug
for	O
a	O
few	O
day	O
(	O
we've	O
reached	O
the	O
"	O
random	B-ADR
cry	I-ADR
"	O
phase	O
)	O
.	O
two	O
week	O
yikes	O
<EOS>	O
i	O
have	O
been	O
on	O
seroquel	B-Drug
(	O
quetiapine	O
)	O
for	O
so	O
long	O
i	O
do	O
not	O
even	O
know	O
what	O
the	O
side-effects	O
are	O
!	O
although	O
,	O
i	O
think	O
overheating	B-ADR
is	O
definitely	O
1	O
.	O
<EOS>	O
<USERNAME>	O
you	O
r	O
right	O
cipro	B-Drug
nearly	B-ADR
killed	I-ADR
me	I-ADR
<EOS>	O
<USERNAME>	O
consider	O
yourself	O
lucky	O
if	O
all	O
it	O
doe	O
is	O
make	O
you	O
dizzy	B-ADR
and	O
sick	B-ADR
!	O
cipro	B-Drug
crippled	B-ADR
me	O
and	O
countless	O
others	O
.	O
<EOS>	O
my	O
mind	B-ADR
race	I-ADR
when	O
i'm	O
on	O
a	O
vyvanse	B-Drug
<EOS>	O
my	O
body	O
is	O
so	O
not	O
ready	O
for	O
this	O
seroquel	B-Drug
.	O
never	O
had	O
an	O
antidepressant	B-Indication
knock	B-ADR
me	I-ADR
the	I-ADR
fuck	I-ADR
out	I-ADR
at	O
a	O
quarter	O
dose	O
before	O
o	O
_o	O
<EOS>	O
<USERNAME>	O
yeah	O
the	O
first	O
time	O
i	O
wa	O
on	I-ADR
olanzapine	B-Drug
i	O
did	O
not	O
put	B-ADR
much	I-ADR
weight	I-ADR
on	O
but	O
2nd	O
time	O
i	O
did	O
!	O
weird	O
!	O
<EOS>	O
i'd	O
rather	O
be	O
on	O
the	O
effexor	B-Drug
that	O
made	O
me	O
happy	O
though	O
i	O
had	O
severe	O
back	B-ADR
pain	I-ADR
from	O
it	O
..	O
than	O
sad	B-ADR
and	O
cry	B-ADR
for	O
no	O
reason	O
on	O
lexapro	B-Drug
...	O
<EOS>	O
18.08	O
day	O
11	O
rivaroxaban	B-Drug
diary	O
intense	O
back	B-ADR
pain	I-ADR
at	O
a	O
funeral	O
from	O
10.30	O
am	O
.	O
paracetamol	O
eventually	O
took	O
it	O
off	O
.	O
very	O
weak	B-ADR
and	O
aching	B-ADR
knee	I-ADR
<EOS>	O
<USERNAME>	O
yeah	O
i	O
know	O
,	O
i	O
dont	O
take	O
my	O
trazadone	B-Drug
at	O
night	O
cause	O
it	O
make	O
me	O
feel	O
groggy	B-ADR
in	O
the	O
morning	O
and	O
i	O
wont	B-ADR
wake	I-ADR
to	O
my	O
alarm	O
):	O
<EOS>	O
i	O
need	O
to	O
stop	O
the	O
vyvanse	B-Drug
that	O
shit	O
can	O
fuck	B-ADR
with	I-ADR
your	I-ADR
head	I-ADR
<EOS>	O
<USERNAME>	O
i've	O
heard	O
of	O
all	O
kind	O
of	O
skin	B-ADR
issue	I-ADR
on	O
lamictal	B-Drug
!	O
pretty	O
sure	O
mine	O
is	O
psychosomatic	O
though	O
...	O
<EOS>	O
not	O
to	O
mention	O
the	I-ADR
thousand	O
of	O
people	O
online	O
who	O
say	O
they	O
	O
ve	O
stacked	B-ADR
on	I-ADR
the	O
weight	I-ADR
due	O
to	O
taking	O
seroquel	B-Drug
.	O
<EOS>	O
if	O
this	O
fuckin	O
emt	O
look	O
at	O
me	O
one	O
more	O
time	O
he	O
gonna	O
feel	O
the	O
wrath	O
of	O
my	O
vyvanse	B-Drug
rage	B-ADR
<EOS>	O
	O
<USERNAME>	O
:	O
i	O
run	O
on	O
vyvanse	B-Drug
and	O
redbull	O
.	O
	O
so	O
done	O
with	O
that	O
life	O
.	O
vyvance	O
cooked	B-ADR
my	I-ADR
brain	I-ADR
like	O
a	O
stove	O
top	O
<EOS>	O
<USERNAME>	O
first	O
two	O
week	O
of	O
olanzapine	B-Drug
v	O
drowsy	B-ADR
.	O
weight	B-ADR
gain	I-ADR
wa	O
an	O
issue	O
.	O
great	O
for	O
my	O
anxiety	B-Indication
though	O
.	O
<EOS>	O
vyvanse	B-Drug
mask	O
me	O
so	O
depressed	B-ADR
<EOS>	O
dr	O
.	O
kyrillos	O
:	O
of	O
ssri	O
,	O
paxil	B-Drug
ha	O
the	O
greatest	O
assoc	O
with	O
weight	B-ADR
gain	I-ADR
.	O
rx	O
with	O
caution	O
in	O
pt	O
with	O
presenting	O
weight	O
issue	O
.	O
paipip	O
qi	O
<EOS>	O
me	O
too	O
.	O
i	I-ADR
used	O
to	O
call	O
geodon	B-Drug
the	O
potato	B-ADR
drug	I-ADR
bcuz	I-ADR
that's	I-ADR
what	I-ADR
i	O
looked	I-ADR
like	I-ADR
after	O
just	O
5	O
week	O
on	O
it	O
..	O
<USERNAME>	O
<USERNAME>	O
<EOS>	O
if	O
you	O
want	O
to	O
sleep	B-ADR
for	I-ADR
15	I-ADR
+	I-ADR
hour	I-ADR
,	O
take	O
seroquel	B-Drug
.	O
fuck	O
i	O
just	O
woke	O
up	O
and	O
it's	O
4	O
<EOS>	O
i	O
suggest	O
never	O
stop	O
taking	O
effexor	B-Drug
abruptly	O
because	O
you	O
will	O
feel	B-ADR
like	I-ADR
you're	I-ADR
on	I-ADR
your	I-ADR
death	I-ADR
bed	I-ADR
<EOS>	O
<USERNAME>	O
<USERNAME>	O
<USERNAME>	O
each	O
brain	O
is	O
different	O
.	O
the	O
ssri	O
i'm	O
on	O
ha	O
worked	O
really	O
well	O
.	O
prozac	B-Drug
made	O
me	O
a	O
zombie	B-ADR
.	O
brain	O
<EOS>	O
i've	O
probably	O
gained	B-ADR
a	I-ADR
good	I-ADR
seven	I-ADR
or	I-ADR
eight	I-ADR
pound	I-ADR
on	O
paxil	B-Drug
.	O
my	O
5	O
'	O
2	O
and	O
small	O
frame	O
ca	O
not	O
deal	O
w	O
that	O
.	O
lol	O
get	O
me	O
off	O
the	O
crazy	O
med	O
asap	O
!	O
!	O
!	O
<EOS>	O
<USERNAME>	O
yeah	O
i	O
hear	O
epilim	O
is	O
pretty	O
tough	O
,	O
sorry	O
to	I-ADR
hear	O
re	O
bad	O
time	O
with	O
it	O
:(	O
oddly	O
,	O
dear	O
sweet	O
lamotrigine	B-Drug
tipped	B-ADR
me	I-ADR
to	O
a	I-ADR
dark	I-ADR
place	I-ADR
<EOS>	O
<USERNAME>	O
same	O
lol	O
did	B-ADR
not	I-ADR
eat	I-ADR
a	I-ADR
thing	I-ADR
,	O
damn	O
vyvanse	B-Drug
<EOS>	O
so	O
i	O
may	O
be	O
allergic	B-ADR
to	O
the	O
metoprolol	B-Drug
.	O
rash	B-ADR
on	O
my	I-ADR
face	O
.	O
needing	B-ADR
my	O
inhaler	I-ADR
daily	O
since	O
friday	O
.	O
<EOS>	O
only	O
one	O
day	O
in	O
and	O
mirtazapine	O
is	O
like	O
fluoxetine	B-Drug
all	O
over	O
again	O
,	O
it	O
just	O
make	O
me	O
so	O
tiered	B-ADR
<EOS>	O
<USERNAME>	O
stopped	B-ADR
working	I-ADR
.	O
i	O
do	O
not	O
think	O
their	O
meant	O
to	O
last	O
forever	O
but	O
again	O
it	O
depends	O
on	O
the	O
person	O
.	O
i	O
took	O
enbrel	B-Drug
when	O
i	O
wa	O
on	O
my	O
<EOS>	O
so	O
apparently	O
60mgs	O
of	O
prozac	B-Drug
will	O
make	O
you	O
scared	B-ADR
of	O
eating	O
gmo's	O
and	O
make	O
you	O
think	O
you	O
need	B-ADR
to	I-ADR
save	I-ADR
the	I-ADR
world	I-ADR
!	O
switching	O
back	O
to	O
40mgs	O
!	O
!	O
!	O
<EOS>	O
<USERNAME>	O
to	I-ADR
be	O
honest	O
i've	O
had	O
worse	O
.	O
on	O
fluoxetine	B-Drug
i	O
wa	O
convinced	O
there	O
wa	O
a	O
plot	B-ADR
to	O
steal	I-ADR
my	I-ADR
thought	I-ADR
...	O
!	O
<EOS>	O
well	O
my	O
effexor	B-Drug
kinda	O
did	O
it	O
job	O
to	O
keep	O
my	O
anxiety	B-Indication
under	O
control	O
...	O
but	O
now	O
to	O
get	O
my	O
heart	B-ADR
rate	I-ADR
down	O
...	O
ugh	O
<EOS>	O
welll	O
..	O
decided	O
to	O
get	O
off	O
paxil	B-Drug
.	O
withdrawal	B-ADR
are	O
killlerrr	O
,	O
like	O
loss	B-ADR
of	I-ADR
circulation	I-ADR
randomly	O
in	O
area	O
.	O
<EOS>	O
trazodone	B-Drug
is	O
no	O
joke	O
.	O
slept	B-ADR
through	I-ADR
every	I-ADR
alarm	I-ADR
.	O
<EOS>	O
<USERNAME>	O
if	O
u	O
r	O
on	O
humira	B-Drug
and	O
have	O
respiratory	B-ADR
probs	I-ADR
-	O
see	O
ur	O
doc	O
.	O
that	O
;	O
s	O
how	O
it	O
all	O
started	O
of	O
me	O
.	O
be	O
well	O
.	O
nice	O
chatting	O
,	O
<EOS>	O
day	O
2	O
without	O
nicotine	B-Drug
:	O
fuck	O
sleep	B-ADR
would	O
be	O
nice	O
.	O
so	O
would	O
a	O
dip	O
...	O
<EOS>	O
upped	O
my	O
effexor	B-Drug
dosage	O
5	O
day	O
ago	O
.	O
sleep	B-ADR
cycle	I-ADR
and	O
quality	B-ADR
went	O
to	O
shit	O
4	O
day	O
ago	O
.	O
i	O
sense	O
a	O
correlation	O
here	O
...	O
<EOS>	O
pretty	O
sure	O
my	O
vyvanse	B-Drug
is	O
making	O
me	O
dizzy	B-ADR
and	O
making	O
my	O
chest	B-ADR
hurt	I-ADR
.	O
<EOS>	O
<USERNAME>	O
i	O
did	O
not	O
have	O
side	O
effect	O
when	O
i	O
started	O
taking	O
cymbalta	B-Drug
.	O
after	O
about	O
6	O
mths	O
had	O
to	O
stop	O
because	O
it	O
raised	B-ADR
my	I-ADR
blood	I-ADR
pressure	I-ADR
.	O
<EOS>	O
i	O
wish	O
i	O
could	B-ADR
be	I-ADR
tired	I-ADR
.	O
should	O
not	O
have	O
taken	O
the	O
vyvanse	B-Drug
.	O
now	O
i'm	O
never	B-ADR
sleeping	I-ADR
.	O
<EOS>	O
restlesslegs	B-ADR
quetiapine	B-Drug
<EOS>	O
hey	O
guy	O
do	O
not	O
forget	O
to	O
refill	O
your	O
paxil	B-Drug
for	O
like	O
six	O
day	O
because	O
the	O
withdrawal	B-ADR
is	O
like	O
heroin	O
.	O
literally	O
.	O
<EOS>	O
found	O
out	O
that	O
it	O
could	O
be	O
two	O
month	O
before	O
i	O
sleep	B-ADR
well	O
again	O
now	O
that	O
i'm	O
off	O
seroquel	B-Drug
.	O
srsly	O
,	O
fuck	O
the	O
psychiatrist	O
that	O
put	O
me	O
on	O
it	O
.	O
<EOS>	O
i	O
had	O
the	O
two	O
humira	B-Drug
shot	O
today	O
and	O
the	O
needle	O
didnt	O
hurt	O
at	O
all	O
but	O
the	O
medicine	O
inside	O
burned	B-ADR
like	O
lava	O
<EOS>	O
to	O
take	O
my	O
seroquel	B-Drug
and	O
have	O
weird	B-ADR
dream	I-ADR
or	O
to	O
not	O
...	O
real	O
life	O
lyndsey	O
world	O
question	O
<EOS>	O
should	O
not	O
have	O
taken	O
80mg	O
of	O
vyvanse	B-Drug
today	O
...	O
cantsleep	B-ADR
<EOS>	O
not	O
that	O
anyone	O
noticed	O
,	O
but	O
my	O
ambien	B-Drug
withdrawl	B-ADR
only	O
lasted	O
a	O
few	O
day	O
.	O
why	O
?	O
because	O
i	O
got	O
another	O
scrip	O
.	O
i	O
need	O
it	O
while	O
i'm	O
on	O
levaquin	B-Drug
.	O
<EOS>	O
<USERNAME>	O
oh	O
,	O
really	O
?	O
that's	O
what	O
gave	O
me	O
the	O
terrible	O
reaction	B-ADR
.	O
my	O
current	O
doctor	O
told	O
me	O
he'd	O
almost	O
never	O
prescribe	O
fluoxetine	B-Drug
.	O
<EOS>	O
<USERNAME>	O
i	O
have	O
been	O
on	O
amisulpride	O
but	O
only	O
for	O
a	O
few	O
day	O
,	O
i	O
could	O
not	O
tolerate	O
nausea	B-ADR
and	O
akathisia	B-ADR
,	O
olanzapine	B-Drug
i	O
can	O
cope	O
with	O
<EOS>	O
me	O
:	O
feeling	O
fine	O
,	O
watching	O
tv	O
...	O
swiffer	O
commercial	O
lamotrigine	B-Drug
:	O
lol	O
let	O
make	O
the	O
bitch	O
cry	B-ADR
at	O
this	O
...	O
a	O
fucking	O
swiffer	O
commercial	O
.	O
<EOS>	O
the	O
one	O
bummer	O
about	O
it	O
all	O
is	O
that	O
the	O
fluoxetine	B-Drug
is	O
giving	O
me	O
the	O
shake	B-ADR
which	O
made	O
fine	O
fiddly	O
detail	O
work	O
harder	O
than	O
it	O
should	O
be	O
<EOS>	O
i	O
have	O
been	O
on	O
lorazepam	O
/	O
diazepam	O
/	O
quetiapine	B-Drug
for	O
the	O
past	O
few	O
night	O
and	O
i've	O
noticed	O
i	O
am	O
slightly	O
drooling	B-ADR
a	O
bit	O
.	O
lovely	O
.	O
<EOS>	O
wish	O
i	O
could	O
stay	O
up	O
and	O
do	O
nicething	O
with	O
all	O
the	O
loveliesd	O
but	O
woah	O
doe	O
seroquel	B-Drug
hit	B-ADR
hard	I-ADR
<EOS>	O
<USERNAME>	O
oh	O
,	O
it	O
suck	O
,	O
but	O
try	O
doing	O
snri	O
withdrawal	B-ADR
.	O
they	O
had	O
to	O
put	O
me	O
on	O
a	O
whole	O
other	O
drug	O
just	O
to	O
get	O
me	O
off	O
effexor	B-Drug
.	O
:(	O
<EOS>	O
<USERNAME>	O
paxil	B-Drug
did	O
not	O
end	O
up	O
helping	O
.	O
tried	O
prozac	O
and	O
wellbutrin	O
and	O
it	O
helped	O
my	O
mood	B-Indication
and	O
anxiety	B-Indication
but	O
gave	O
me	O
vertigo	B-ADR
.	O
:(	O
<EOS>	O
seroquel	B-Drug
is	O
causing	O
more	O
gap	B-ADR
in	I-ADR
memory	I-ADR
,	O
i	O
do	O
not	O
remember	O
going	O
to	O
therapy	O
and	O
a	O
usual	O
no	O
one	O
ha	O
stepped	O
up	O
to	O
claim	O
tho	O
memory	O
>	O
>	O
<EOS>	O
<USERNAME>	O
that's	O
good	O
news	O
.	O
you	O
must	O
feel	O
a	O
bit	O
le	O
stressed	O
.	O
btw	O
,	O
are	O
you	O
ok	O
with	O
diazepam	O
and	O
fluoxetine	B-Drug
?	O
take	O
both	O
and	O
they	O
space	B-ADR
me	I-ADR
out	I-ADR
<EOS>	O
how	O
do	O
guy	O
ejaculate	B-ADR
on	O
paxil	B-Drug
?	O
?	O
antidepressant	B-Indication
<EOS>	O
so	O
my	O
body	O
wa	O
goin	O
threw	O
withdrawl	B-ADR
?	O
lol	O
didnt	O
kno	O
paxil	B-Drug
wa	O
that	O
strong	O
lol	O
<EOS>	O
since	O
quetiapine's	B-Drug
messed	O
with	O
my	O
prolactin	B-ADR
level	O
,	O
making	O
my	O
boob	B-ADR
humungous	I-ADR
&	O
my	O
bra	O
so	O
expensive	O
,	O
i	O
want	O
a	O
lingerie	O
component	O
to	O
dla	O
.	O
<EOS>	O
thank	O
god	O
my	O
steady	O
stream	O
of	O
vyvanse	B-Drug
is	O
wearing	O
off	O
,	O
i	O
can	O
sleep	B-ADR
now	O
.	O
<EOS>	O
medication	O
side-affects	O
have	O
hit	O
me	O
hard	O
today	O
:	O
i	O
keep	O
on	O
randomly	O
jolting	B-ADR
or	O
rocking	B-ADR
,	O
it	O
is	O
so	O
bad	O
i	O
am	O
finding	O
it	O
hard	O
to	O
type	O
!	O
seroquel	B-Drug
<EOS>	O
vyvanse	B-Drug
,	O
commonly	O
known	O
a	O
ocd	B-ADR
in	O
a	O
pill	O
.	O
<EOS>	O
last	O
night	O
,	O
i	O
had	O
a	O
dream	O
that	O
<USERNAME>	O
and	O
i	O
were	O
going	O
to	O
have	O
sex	O
,	O
but	O
i	O
wa	O
too	O
tired	B-ADR
.	O
seroquel	B-Drug
is	O
the	O
devil	O
.	O
<EOS>	O
fucking	I-ADR
nicotine	B-Drug
driving	B-ADR
my	I-ADR
fucking	O
mind	I-ADR
up	I-ADR
the	I-ADR
fucking	O
wall	I-ADR
.	O
i	O
feel	O
like	O
kathy	O
bates	O
<EOS>	O
god	O
know	O
how	O
i'm	O
going	O
to	O
sleep	O
tonight	O
after	O
sleeping	B-ADR
9	I-ADR
hour	I-ADR
in	I-ADR
the	I-ADR
day	I-ADR
trazodone	B-Drug
<EOS>	O
rocephin	B-Drug
+	O
ciprofloxacin	B-Drug
=	O
me	O
barely	B-ADR
able	I-ADR
to	I-ADR
stay	I-ADR
awake	I-ADR
<EOS>	O
<USERNAME>	O
cipro	B-Drug
destroyed	B-ADR
my	I-ADR
entire	I-ADR
body	I-ADR
,	O
from	O
head	O
to	O
toe	O
.	O
bedridden	B-ADR
since	O
2009	O
.	O
be	O
very	O
careful	O
.	O
<EOS>	O
ca	B-ADR
not	I-ADR
even	I-ADR
enjoy	I-ADR
this	I-ADR
banana	I-ADR
right	O
now	O
because	O
of	O
fuckin	O
vyvanse	B-Drug
what	O
is	O
life	O
<EOS>	O
why	O
do	O
i	O
always	O
get	O
the	O
seroquel	B-Drug
munchies	B-ADR
!	O
?	O
<EOS>	O
<USERNAME>	O
i	O
appreciate	O
it	O
.	O
i	O
gained	B-ADR
over	I-ADR
30lbs	I-ADR
with	O
paxil	B-Drug
so	O
i'm	O
trying	O
something	O
different	O
,	O
tired	O
of	O
the	O
appetite	B-ADR
side	O
effect	O
.	O
<EOS>	O
<USERNAME>	O
<USERNAME>	O
when	O
i	O
wa	O
on	O
cymbalta	B-Drug
and	O
visanne	O
i	O
could	B-ADR
not	I-ADR
orgasm	I-ADR
at	O
all	O
!	O
!	O
!	O
<EOS>	O
it's	O
6	O
am	O
and	O
still	O
no	B-ADR
sleep	I-ADR
fuck	O
you	O
vyvanse	B-Drug
<EOS>	O
humira	B-Drug
got	O
a	O
real	O
nigga	O
tired	B-ADR
<EOS>	O
i	O
seem	O
to	O
need	O
to	O
sleep	B-ADR
right	I-ADR
now	I-ADR
.	O
quetiapine	B-Drug
taker	O
,	O
is	O
this	O
normal	O
?	O
<EOS>	O
how	O
is	O
it	O
that	O
vyvanse	B-Drug
give	O
me	O
dry	B-ADR
mouth	I-ADR
,	O
but	O
i	O
still	O
produce	O
this	O
much	O
saliva	B-ADR
in	O
my	O
sleep	O
?	O
<EOS>	O
it's	O
raining	O
.	O
i	O
ran	O
for	O
the	O
bus	O
when	O
i	O
did	O
not	O
need	O
to	O
.	O
my	O
gp	O
letter	O
is	O
not	O
right	O
.	O
sweating	B-ADR
like	O
a	O
pig	O
thanks	O
to	O
quetiapine	B-Drug
.	O
brighton	O
bound	O
!	O
<EOS>	O
<USERNAME>	O
i	O
take	O
fluoxetine	B-Drug
and	O
quetiapine	O
.	O
the	O
quetiapine	O
is	O
the	O
one	O
with	O
the	O
massive	O
sleepies	B-ADR
,	O
althouth	O
the	O
flouxetine	O
doesn''t	O
help	O
.	O
<EOS>	O
<USERNAME>	O
pooped	B-ADR
out	I-ADR
bc	O
i	O
did	O
humira	B-Drug
last	O
night	O
:)	O
<EOS>	O
fuck	O
paxil	B-Drug
.	O
i	O
never	O
want	O
to	O
take	O
this	O
shit	O
again	O
,	O
but	O
every	O
time	O
i	O
try	O
i	O
get	O
ridiculously	O
sick	B-ADR
.	O
my	O
life	O
suck	O
.	O
<EOS>	O
<USERNAME>	O
i	O
had	O
a	O
gene	O
test	O
for	O
tysabri	B-Drug
i	O
guess	O
it	O
can	O
cause	O
a	O
fatal	O
brain	B-ADR
disorder	I-ADR
.	O
my	O
chance	O
are	O
low	O
..	O
but	O
that	O
crap	O
is	O
creepy	O
.	O
<EOS>	O
cymbalta	B-Drug
is	O
legal	O
,	O
an	O
antidepressant	B-Indication
...	O
side	O
effect	O
:	O
nausea	B-ADR
,	O
dry	B-ADR
mouth	I-ADR
,	O
constipation	B-ADR
,	O
diarrhea	B-ADR
,	O
fatigue	B-ADR
,	O
&	O
thought	B-ADR
of	I-ADR
suicide	I-ADR
<EOS>	O
holy	O
shit	O
ball	O
pristiq	B-Drug
withdrawal	B-ADR
are	O
very	O
strong	O
!	O
<EOS>	O
my	O
medication	O
is	O
making	B-ADR
me	I-ADR
stupid	I-ADR
,	O
brain	O
med	O
are	O
not	O
ok	O
,	O
fuck	O
u	O
paxil	B-Drug
<EOS>	O
when	O
the	O
depression	B-ADR
is	O
coming	O
out	O
caused	O
by	O
this	O
damn	O
levofloxacin	B-Drug
:)	O
)	O
<EOS>	O
21.43	O
day	O
25	O
rivaroxaban	B-Drug
diary	O
.	O
think	O
all	O
rvxbn	O
nowq	O
out	O
of	O
my	O
body	O
but	O
losartan	O
(	O
last	O
25mg	O
tablet	O
taken	O
4	O
day	O
ago	O
)	O
remains	O
.	O
still	O
aching	B-ADR
.	O
<EOS>	O
<USERNAME>	O
<USERNAME>	O
<USERNAME>	O
ah	O
yes	O
,	O
i'm	O
starting	O
to	O
think	O
my	O
paroxetine	B-Drug
turn	O
panic	B-Indication
attack	I-Indication
into	O
fat	B-ADR
.	I-ADR
<EOS>	O
exhausted	O
...	O
ca	O
not	O
fall	O
asleep	O
.	O
do	O
not	O
wanna	O
take	O
a	O
trazadone	B-Drug
and	O
wake	O
up	O
hungover	B-ADR
.	O
sleepdisorderproblems	B-ADR
<EOS>	O
you	O
woukd	O
think	O
going	O
off	O
of	O
cymbalta	B-Drug
would	O
make	O
me	O
le	O
tired	B-ADR
...	O
but	O
nope	O
...	O
-	O
_	O
-	O
<EOS>	O
today's	O
pristiq	B-Drug
withdrawal	B-ADR
symptom	O
:	O
my	O
eyeball	B-ADR
make	I-ADR
a	I-ADR
sound	I-ADR
like	O
star	O
trek	O
door	O
when	O
i	O
move	O
them	O
.	O
wtf	O
<EOS>	O
i	O
think	O
baclofen	B-Drug
might	O
make	B-ADR
me	I-ADR
a	I-ADR
bigger	I-ADR
asshole	I-ADR
than	O
usual	O
.	O
:/	O
<EOS>	O
<USERNAME>	O
it's	O
ok	O
,	O
i	O
guess	O
it's	O
just	O
a	O
case	O
of	O
trial	O
and	O
error	O
with	O
antidepressant	B-Indication
.	O
coming	O
off	O
venlafaxine	B-Drug
ha	O
been	O
so	O
nasty	B-ADR
:(	O
<EOS>	O
adderall	O
put	O
me	I-ADR
in	O
a	O
good	O
mood	O
,	O
vyvanse	B-Drug
make	B-ADR
me	O
an	I-ADR
asshole	I-ADR
.	O
<EOS>	O
i'm	O
now	O
back	O
on	O
the	O
olanzapine	B-Drug
along	O
side	O
lithium	O
.	O
ugh	O
.	O
helloweightgain	B-ADR
<EOS>	O
<USERNAME>	O
<USERNAME>	O
i	O
take	O
baclofen	B-Drug
"	O
ca	B-ADR
not	I-ADR
sleep	I-ADR
!	O
want	O
to	O
sleep	O
!	O
"	O
help	O
!	O
<EOS>	O
<USERNAME>	O
when	O
i	O
wa	O
on	O
fluoxetine	B-Drug
i	O
wa	O
dead	B-ADR
from	I-ADR
the	I-ADR
waist	I-ADR
down	I-ADR
.	O
even	O
frankenstein	O
could	O
not	O
have	O
helped	O
...	O
<EOS>	O
<USERNAME>	O
sometimes	O
it	O
never	O
end	O
.	O
so	O
sorry	O
.	O
topomax	B-Drug
is	O
miserable	O
with	O
parasthesia	B-ADR
,	O
cognitive	B-ADR
problem	I-ADR
,	O
kidney	B-ADR
stone	I-ADR
.	O
lamictal's	B-Drug
good	O
<EOS>	O
<USERNAME>	O
lmao	O
,	O
i'm	O
prescribed	O
baby	O
.	O
it's	O
for	O
my	O
anxiety	B-Indication
.	O
i	O
take	O
seroquel	B-Drug
,	O
and	O
celexa	O
with	O
it	O
.	O
i'm	O
a	O
fucking	O
zombie	B-ADR
after	O
9pm	O
.	O
<EOS>	O
<USERNAME>	O
i	O
sure	O
wish	O
my	O
doctor	O
had	O
told	O
me	O
cipro	B-Drug
could	O
disable	B-ADR
me	O
for	O
life	O
!	O
there	O
wa	O
never	O
any	O
mention	O
of	O
that	O
.	O
now	O
i'm	O
crippled	B-ADR
.	O
<EOS>	O
(	O
cont'd	O
)	O
my	O
pdoc	O
altered	O
the	O
dosage	O
of	O
fluoxetine	B-Drug
to	O
30mg	O
.	O
that's	O
the	O
only	O
alteration	O
.	O
because	O
i	O
complained	O
about	O
the	O
extreme	O
fatigue	B-ADR
.	O
:-(	O
<EOS>	O
between	O
the	O
fucking	O
redbull	O
and	O
vyvanse	B-Drug
i	O
popped	O
to	O
energize	O
my	O
triple	O
yesterday	O
...	O
could	B-ADR
not	I-ADR
fall	I-ADR
asleep	I-ADR
for	O
the	O
life	O
of	O
me	O
.	O
<EOS>	O
my	O
seroquel	B-Drug
this	O
morning	O
got	O
me	O
lethargic	B-ADR
<EOS>	O
<USERNAME>	O
yeah	O
when	O
i	O
take	O
vyvanse	B-Drug
any	O
food	B-ADR
just	I-ADR
look	I-ADR
/	I-ADR
sound	I-ADR
/	O
taste	I-ADR
fucking	I-ADR
disgusting	I-ADR
<EOS>	O
i	O
could	O
not	O
remember	O
if	O
i	O
took	O
a	O
vyvanse	B-Drug
or	O
not	O
early	O
so	O
i	O
took	O
another	O
one	O
&	O
now	O
i'm	O
spazzing	B-ADR
out	I-ADR
...	O
bc	O
obviously	O
i	O
took	O
one	O
already	O
adhd	B-Indication
<EOS>	O
<USERNAME>	O
i've	O
no	O
probs	O
with	O
porn	O
other	O
than	O
the	O
fact	O
that	O
i've	O
gained	B-ADR
80	I-ADR
pound	I-ADR
on	O
effexor	B-Drug
and	O
no	O
one	O
need	O
to	O
see	O
that	O
;-)	O
<EOS>	O
<USERNAME>	O
i	O
think	O
i'm	O
that	O
too	O
!	O
had	O
rare	O
breastmilk	B-ADR
production	I-ADR
on	O
quetiapine	B-Drug
,	O
ultra	O
rare	O
hallucination	B-ADR
(	O
not	O
psychosis	O
)	O
on	O
valproate	B-Drug
.	O
<EOS>	O
bought	O
ourselves	O
an	O
electronic	O
cigarette	O
for	O
fun	O
and	O
now	O
i	O
think	O
we're	O
addicted	B-ADR
to	O
nicotine	B-Drug
<EOS>	O
wondered	O
why	O
my	O
limb	B-ADR
ached	I-ADR
and	O
i	O
wa	O
shivering	B-ADR
on	O
the	O
hottest	O
day	O
of	O
the	O
year	O
so	O
far	O
.	O
forgot	O
my	O
venlafaxine	B-Drug
.	O
that'll	O
be	O
withdrawal	B-ADR
then	O
!	O
<EOS>	O
<USERNAME>	O
all	O
the	O
time	O
!	O
i	O
took	O
trazodone	B-Drug
last	O
night	O
and	O
it	O
really	O
helped	O
-	O
but	O
it	O
wa	O
difficult	B-ADR
to	I-ADR
wake	I-ADR
up	I-ADR
:-/	O
<EOS>	O
rivaroxaban	B-Drug
diary	O
2/2	O
..	O
but	O
not	B-ADR
hungry	I-ADR
.	O
ha	O
to	O
be	O
taken	O
with	O
food	O
.	O
only	O
had	O
1	O
hot	O
drink	O
and	O
1	O
slice	O
of	O
bread	O
so	O
far	O
today	O
<EOS>	O
seriously	O
have	B-ADR
not	I-ADR
ate	I-ADR
one	O
thing	O
all	O
damn	O
day	O
..	O
vyvanse	B-Drug
add	B-Indication
damn	O
<EOS>	O
if	O
your	O
doctor	O
prescribes	O
you	O
seroquel	B-Drug
off	O
label	O
,	O
they	O
just	O
want	O
you	O
to	O
stfu	O
.	O
i'm	O
a	O
mute	B-ADR
.	O
<EOS>	O
when	O
i	O
wa	O
taking	O
a	I-ADR
full	O
dose	O
of	O
paxil	B-Drug
,	O
i	O
did	O
not	O
even	O
realize	O
that	O
sleeping	B-ADR
12	I-ADR
hour	I-ADR
a	O
night	I-ADR
,	O
then	O
falling	B-ADR
asleep	I-ADR
every	I-ADR
day	I-ADR
,	O
was	O
not	O
normal	O
.	O
<EOS>	O
note	O
to	O
self	O
-	O
nicotine	O
lozenge	B-Drug
&	O
alcohol	O
=	O
nausea	B-ADR
.	O
<EOS>	O
doe	O
anyone	O
happen	O
to	O
know	O
if	O
lamictal	B-Drug
cause	O
you	O
to	O
feel	B-ADR
hot	I-ADR
?	O
<USERNAME>	O
<USERNAME>	O
cantstopsweating	B-ADR
<EOS>	O
<USERNAME>	O
i	O
wish	O
i'd	O
have	O
found	O
your	O
article	O
sooner	O
!	O
i	O
wa	O
crippled	B-ADR
by	O
cipro	B-Drug
in	O
oct	O
of	O
'	O
09	O
.	O
prescribed	O
for	O
a	O
uti	B-Indication
&	O
it	O
did	O
not	O
even	O
help	O
.	O
<EOS>	O
<USERNAME>	O
i	O
take	O
fluoxetine	B-Drug
and	O
it	O
does	O
not	O
do	O
shit	O
it	O
just	O
make	O
me	O
dizzy	B-ADR
and	O
tired	B-ADR
<EOS>	O
<USERNAME>	O
effexor	B-Drug
wa	O
a	O
boner	B-ADR
killer	I-ADR
,	O
absolutely	O
.	O
welbutrin	O
go	O
the	O
other	O
way	O
.	O
<EOS>	O
oh	O
,	O
and	O
i	O
forgot	O
that	O
with	O
lamotrigine	B-Drug
come	O
awful	O
night	B-ADR
terror	I-ADR
.	O
i	O
woke	O
up	O
no	O
fewer	O
than	O
five	O
time	O
screaming	O
and	O
sweaty	O
.	O
lol	O
<EOS>	O
question	O
:	O
anyone	O
on	O
humira	B-Drug
experiencing	O
urinary	B-ADR
track	I-ADR
infection	I-ADR
frequently	O
and	O
never	O
had	O
before	O
?	O
<EOS>	O
my	O
email	O
to	O
big	O
pharm	O
were	O
answered	O
!	O
turn	O
out	O
there	O
is	O
a	O
pill	O
that	O
make	O
you	O
stop	B-ADR
spending	I-ADR
all	I-ADR
of	I-ADR
your	I-ADR
income	I-ADR
in	I-ADR
food	I-ADR
and	O
it's	O
vyvanse	B-Drug
<EOS>	O
going	B-ADR
off	I-ADR
of	I-ADR
olanzapine	B-Drug
is	I-ADR
no	I-ADR
picnic	I-ADR
.	O
you	O
have	O
to	O
be	O
prepared	O
to	O
ask	O
the	O
aid	O
of	O
the	O
god	O
,	O
jesus	O
,	O
krishna	O
.	O
<EOS>	O
<USERNAME>	O
olanzapine	B-Drug
actually	O
make	O
you	O
put	B-ADR
on	I-ADR
weight	I-ADR
,	O
even	O
when	O
you	O
are	O
not	O
eating	O
that	O
much	O
<EOS>	O
i	O
guess	O
that	O
vyvanse	B-Drug
want	B-ADR
a	O
good	O
idea	O
i	O
just	O
want	O
to	I-ADR
sleeeeep	I-ADR
<EOS>	O
<USERNAME>	O
i	O
know	O
it	O
made	O
me	O
want	B-ADR
to	I-ADR
be	I-ADR
sick	I-ADR
every	O
time	O
i	O
had	O
it	O
plus	O
fluoxetine	B-Drug
is	O
the	O
bigges	O
bunch	O
of	O
shit	O
ive	O
been	O
on	O
worse	O
than	O
sertraline	O
<EOS>	O
that	O
zyprexa	B-Drug
really	O
make	O
your	O
vocal	O
chord	O
marvelous	O
only	O
it	O
make	O
you	O
gain	B-ADR
so	I-ADR
much	I-ADR
weight	I-ADR
<EOS>	O
so	O
damn	O
sleepy	B-ADR
.	O
this	O
seroquel	B-Drug
is	O
fucking	O
me	O
up	O
so	O
bad	O
.	O
<EOS>	O
<USERNAME>	O
fluoxetine	B-Drug
.	O
killed	B-ADR
my	I-ADR
libido	I-ADR
stone	O
dead	O
.	O
<EOS>	O
fuck	O
you	O
,	O
effexor	B-Drug
.	O
dilated	B-ADR
pupil	I-ADR
and	O
blurry	B-ADR
vision	I-ADR
and	O
nausea	B-ADR
and	O
headache	B-ADR
?	O
this	O
is	O
awful	O
!	O
<EOS>	O
ok	O
,	O
i'm	O
pretty	O
sure	O
that	O
missing	O
2	O
dos	O
of	O
fluoxetine	B-Drug
(	O
pure	O
disorderliness	O
/	O
schedule	O
fail	O
)	O
wa	O
responsible	O
for	O
my	O
joint	B-ADR
pain	I-ADR
.	O
<EOS>	O
<USERNAME>	O
saying	O
that	O
,	O
the	O
whole	O
reason	O
i	O
gained	B-ADR
weight	I-ADR
in	O
the	O
first	O
place	O
wa	O
due	O
to	O
the	O
drug	O
olanzapine	B-Drug
.	O
doctor's	O
fault	O
.	O
ah	O
well	O
.	O
<EOS>	O
brisdelle	O
dangerous	O
.	O
paxil	B-Drug
is	O
supposed	O
to	O
treat	O
depression	B-Indication
and	O
suicidal	B-Indication
thought	I-Indication
.	O
i	O
took	O
paxil	B-Drug
and	O
got	O
depressed	B-ADR
.	O
went	O
off	O
&	O
ok	O
in	O
2	O
wk	O
.	O
<EOS>	O
02.50	O
day	O
15	O
rivaroxaban	B-Drug
diary	O
.	O
neck	B-ADR
ache	I-ADR
and	O
lower	O
back	B-ADR
pain	I-ADR
.	O
had	O
to	O
kneel	O
on	O
floor	O
to	O
get	O
out	O
of	O
bed	O
.	O
<EOS>	O
so	I-ADR
unfair	O
,	O
i	O
never	O
get	O
the	O
good	O
side	O
effect	O
of	O
med	O
.	O
ativan	O
,	O
seroquel	B-Drug
,	O
&	O
ambien	O
xr	O
make	O
me	O
feel	B-ADR
so	O
drink	I-ADR
i	O
cant	B-ADR
really	I-ADR
walk	I-ADR
&	O
im	O
nauseated	B-ADR
<EOS>	O
paxil	B-Drug
why	O
you	O
not	B-ADR
let	I-ADR
me	I-ADR
sleep	I-ADR
?	O
!	O
?	O
<EOS>	O
20.05	O
day	O
16	O
rivaroxaban	B-Drug
diary	O
.	O
intense	O
back	B-ADR
and	O
knee	B-ADR
pain	I-ADR
most	O
of	O
day	O
;	O
taken	O
more	O
paracetamol	O
.	O
had	O
to	O
shop	O
,	O
walking	B-ADR
painful	I-ADR
.	O
<EOS>	O
whoa	O
quetiapine	B-Drug
stop	O
making	O
me	O
feel	O
drowsy	B-ADR
yo	O
<EOS>	O
<USERNAME>	O
fluoxetine	B-Drug
give	O
me	O
headache	B-ADR
and	O
make	O
me	O
yawn	B-ADR
24/7	O
<EOS>	O
<USERNAME>	O
i	O
hated	O
being	O
on	O
paxil	B-Drug
for	O
that	O
reason	O
.	O
way	O
to	O
make	O
you	O
*	O
more	O
*	O
depressed	B-ADR
.	O
x	O
.	O
x	O
<EOS>	O
<USERNAME>	O
and	O
then	O
i	O
had	O
horrible	B-ADR
sleep	I-ADR
once	O
i	O
took	O
the	O
trazodone	B-Drug
.	O
i	O
just	O
could	O
not	O
win	O
,	O
haha	O
.	O
<EOS>	O
<USERNAME>	O
i	O
had	O
paroxetine	B-Drug
for	O
a	O
few	O
week	O
once	O
...	O
apparently	O
i	O
started	O
behaving	B-ADR
oddly	I-ADR
so	O
they	O
took	O
me	O
off	O
it	O
and	O
put	O
me	O
on	O
sertraline	O
<EOS>	O
<USERNAME>	O
depakote	B-Drug
made	O
me	O
feel	O
flat	B-ADR
,	O
but	O
help	O
many	O
.	O
zyprexa	B-Drug
can	O
cause	O
weight	B-ADR
gain	I-ADR
,	O
so	O
be	O
very	O
careful	O
.	O
i	O
ca	O
not	O
tolerate	O
it	O
.	O
<EOS>	O
<USERNAME>	O
no	O
more	O
ssri	O
	O
s	O
for	O
me	O
.	O
they	O
kept	O
giving	O
me	O
manic	B-ADR
reaction	I-ADR
,	O
usually	O
angry	B-ADR
.	O
the	O
seroquel	B-Drug
ha	O
me	O
feeling	O
too	O
tired	B-ADR
.	O
it	O
	O
s	O
brutal	O
<EOS>	O
<USERNAME>	O
hi	O
idk	O
who	O
you	O
are	O
but	O
i	O
just	O
wanted	O
to	O
let	O
you	O
know	O
i	O
gained	B-ADR
over	I-ADR
20	I-ADR
lb	I-ADR
on	O
paxil	B-Drug
.	O
be	O
watchful	O
.	O
<EOS>	O
kinda	O
worried	O
about	O
the	O
nighttime	O
jaw	B-ADR
clenching	I-ADR
from	O
effexor	B-Drug
,	O
what	O
with	O
my	O
tongue	O
ring	O
and	O
all	O
...	O
:	O
l	O
<EOS>	O
<USERNAME>	O
stopped	O
zoloft	B-Drug
cold	O
turkey	O
after	O
i	O
became	O
suicidal	B-ADR
,	O
stopped	O
effexor	B-Drug
because	O
i	O
wa	O
numb	B-ADR
.	O
<EOS>	O
<USERNAME>	O
i	O
find	O
the	O
baclofen	B-Drug
worse	O
,	O
it	O
ha	O
left	O
me	O
in	O
a	O
tired	B-ADR
/	O
sleepy	B-ADR
fog	B-ADR
all	O
day	O
-	O
the	O
codeine	O
i	O
can	O
(	O
mostly	O
)	O
deal	O
with	O
.	O
<EOS>	O
<USERNAME>	O
i	O
hav	O
to	O
come	O
of	O
the	O
duloxetine	B-Drug
immediately	O
a	O
i	O
hav	O
a	O
terrible	O
rash	B-ADR
because	O
of	O
it	O
!	O
had	O
the	O
rash	O
2	O
week	O
<EOS>	O
my	O
3	O
favourite	O
thing	O
about	O
fluoxetine	B-Drug
are	O
:	O
it	O
doesnt	O
work	O
a	O
an	O
antidepressant	B-Indication
.	O
increase	O
suicidal	B-ADR
thought	I-ADR
.	O
it	O
stop	B-ADR
you	I-ADR
from	I-ADR
jizzing	I-ADR
.	O
<EOS>	O
depression	O
hurt	O
,	O
cymbalta	B-Drug
can	O
help	O
?	O
no	O
way	O
!	O
i	O
just	O
took	O
a	O
nap	B-ADR
for	O
the	O
first	O
time	O
in	O
year	O
probably	O
and	O
wowza	O
!	O
what	O
sorcery	O
is	O
this	O
?	O
!	O
<EOS>	O
i	O
need	O
to	O
progress	O
onto	O
oxazepam.apparently	O
it's	O
more	O
sedating	O
.	O
seroquel	B-Drug
is	O
sedating	O
,	O
but	O
you	O
can	O
hardly	B-ADR
open	I-ADR
or	I-ADR
close	I-ADR
your	I-ADR
mouth	I-ADR
.	O
<EOS>	O
i	O
love	O
this	O
effexor	B-Drug
!	O
majorly	O
kill	B-ADR
my	I-ADR
libido	I-ADR
.	O
<EOS>	O
rivaroxaban	B-Drug
2/2	O
if	O
i	O
could	O
float	O
weightless	O
in	O
space	O
i	O
suspect	O
i	O
would	O
not	O
ache	B-ADR
.	O
but	O
i	O
ca	O
not	O
so	O
need	O
rid	O
of	O
rivaroxaban	B-Drug
.	O
<EOS>	O
day	O
five	O
of	O
no	O
effexor	B-Drug
.	O
i	O
am	O
guessing	O
this	O
is	O
what	O
it	O
feel	B-ADR
like	I-ADR
when	I-ADR
you	I-ADR
come	I-ADR
off	I-ADR
heroin	I-ADR
...	O
discontinuation	O
<EOS>	O
<USERNAME>	O
is	O
that	O
like	O
quetiapine	B-Drug
.	O
when	O
i	O
had	O
to	O
take	O
that	O
crap	O
i	O
could	O
not	B-ADR
stay	I-ADR
up	I-ADR
longer	O
than	O
11	O
hour	O
<EOS>	O
sent	O
my	O
lovely	O
compandre	O
to	O
fuel	O
my	O
nicotine	B-Drug
addiction	B-ADR
<EOS>	O
i	O
ate	B-ADR
2	O
cake	O
+	O
2	O
pastry	O
at	O
work	O
today	O
.	O
blaming	O
the	O
quetiapine	B-Drug
rather	O
than	O
my	O
liking	O
for	O
cake	O
.	O
blaming	O
work	O
too	O
for	O
providing	O
free	O
cake	O
.	O
<EOS>	O
whyyyyy	O
so	O
painful	B-ADR
humira	B-Drug
<EOS>	O
woke	O
up	O
to	O
breakfast	O
in	O
bed	O
...	O
well	O
couch	O
because	O
i'm	O
addicted	O
to	O
the	O
new	O
3d	O
wifi	O
tv	O
.	O
too	O
bad	O
i	O
have	O
no	B-ADR
appetite	I-ADR
.	O
thanks	O
cymbalta	B-Drug
.	O
<EOS>	O
<USERNAME>	O
r	O
u	O
on	O
any	O
med	O
?	O
my	O
dream	B-ADR
on	O
seroquel	B-Drug
are	O
fucked	O
up	O
<EOS>	O
<USERNAME>	O
that'll	O
be	O
the	O
quetiapine	B-Drug
making	O
you	O
drowsy	B-ADR
.	O
it's	O
a	O
common	O
side	O
effect	O
xx	O
<EOS>	O
wanna	O
go	O
back	B-ADR
to	I-ADR
sleep	I-ADR
,	O
but	O
this	O
vyvanse	B-Drug
ai	O
not	O
letting	O
me	O
<EOS>	O
<USERNAME>	O
jus	O
gt	O
bck	O
myself	O
,	O
he	O
put	O
me	O
on	O
citalopram	B-Drug
in	O
addition	O
2	O
the	O
quetiapine	B-Drug
!	O
im	O
a	O
bit	O
worried	O
a	O
citalopram	O
ha	O
made	O
me	O
manic	B-ADR
before	O
<EOS>	O
<USERNAME>	O
benzos	O
do	O
not	O
work	O
for	O
me	O
&	O
i've	O
had	O
a	O
cracker	O
of	O
a	O
panic	B-ADR
attack	I-ADR
on	O
seroquel	B-Drug
.	O
listening	O
to	O
people	O
chat	O
on	O
podcasts	O
help	O
me	O
.	O
<EOS>	O
pristiq	B-Drug
is	O
not	O
helping	O
.	O
i'm	O
in	O
a	O
great	O
mood	O
.	O
want	O
to	O
live	O
forever	O
.	O
love	O
life	O
.	O
it	O
wa	O
easy	O
when	O
i	O
had	O
no	O
mental	O
health	O
care	O
.	O
wanted	B-Indication
to	I-Indication
diethen	I-Indication
<EOS>	O
medical	O
professional	O
on	O
my	O
feed	O
...	O
any	O
thing	O
i	O
need	O
to	O
know	O
about	O
this	O
med	O
:	O
lamotrigine	B-Drug
.	O
it's	O
being	O
used	O
to	O
treat	O
bipolar	B-Indication
teen	O
.	O
<EOS>	O
i'm	O
bout	O
to	O
get	O
me	O
a	O
sierra	O
mist	O
.	O
i	O
wish	O
i	O
had	O
some	O
seroquel	B-Drug
xr	O
so	O
i	O
could	O
go	O
to	O
sleep	B-Indication
<EOS>	O
09.26	O
day	O
12	O
rivaroxaban	B-Drug
diary	O
:	O
headache	B-ADR
,	O
right	O
shoulder	O
and	O
neck	O
ache	B-ADR
,	O
lower	O
back	B-ADR
pain	I-ADR
,	O
weak	B-ADR
knee	I-ADR
,	O
limping	B-ADR
when	O
walking.taken	O
paracetamol	O
<EOS>	O
<USERNAME>	O
thanks	O
(:	O
i	O
no	O
longer	O
have	O
to	O
do	O
both	O
injection	O
.	O
i	O
get	O
to	O
drop	O
humira	B-Drug
(	O
for	O
crohn	B-Indication
)	O
but	O
keep	O
copaxone	B-Drug
for	O
m	B-Indication
.	O
<EOS>	O
	O
<USERNAME>	O
:	O
ibd	B-Indication
crohn	B-Indication
humira	B-Drug
night	O
.	O
	O
good	O
luck	O
!	O
<EOS>	O
drove	O
to	O
hospital	O
for	O
tysabri	B-Drug
in	O
blue	O
.	O
left	O
early	O
(	O
london	O
traffic	O
)	O
,	O
only	O
took	O
20	O
min	O
!	O
blue	O
badge	O
space	O
next	O
to	O
entrance	O
.	O
winning	O
fuckms	B-Indication
<EOS>	O
fuck	O
it	O
.	O
snorting	O
a	O
seroquel	B-Drug
so	O
i	O
can	O
sleep	B-Indication
until	O
tomorrow	O
<EOS>	O
self-injected	O
humira	B-Drug
for	O
first	O
time	O
!	O
finger	O
x'd	O
it	O
work	O
spondylitis	B-Indication
crohn	B-Indication
<EOS>	O
i	O
finally	O
got	O
approved	O
for	O
my	O
humira	B-Drug
shot	O
this	O
week	O
!	O
!	O
!	O
and	O
i	O
got	O
my	O
electric	O
wheelchair	O
coming	O
by	O
the	O
15th	O
of	O
july	O
!	O
fightingra	B-Indication
<EOS>	O
zyrtec	O
,	O
benadryl	O
,	O
lortab	O
,	O
etodolac	O
,	O
flexeril	O
,	O
celexa	O
,	O
trazodone	B-Drug
,	O
temazepam	O
,	O
motrin	O
,	O
&	O
aspirin	O
.	O
i	O
will	O
either	O
sleep	B-Indication
or	O
die	O
.	O
at	O
this	O
point	O
idc	O
<EOS>	O
to	O
my	O
m	B-Indication
friend	O
:	O
who's	O
on	O
tysabri	B-Drug
?	O
it's	O
not	O
working	O
&	O
they	O
are	O
sending	O
me	O
to	O
another	O
city	O
/	O
hospital	O
to	O
see	O
another	O
specialist	O
.	O
<EOS>	O
doe	O
anybody	O
take	O
baclofen	B-Drug
?	O
so	O
,	O
what	O
dose	O
?	O
just	O
curious	O
.	O
i	O
now	O
take	O
50mg	O
a	O
day	O
can	O
you	O
rt	O
please	O
<USERNAME>	B-Indication
?	O
<EOS>	O
tell	O
your	O
doctor	O
if	O
you	O
experiment	O
suicidal	B-Indication
thought	I-Indication
after	O
taking	O
venlafaxine	B-Drug
.	O
wait	O
,	O
is	O
not	O
that	O
the	O
reason	O
why	O
i	O
started	O
taking	O
this	O
shit	O
?	O
<EOS>	O
forget	O
diamond	O
...	O
cipro	B-Drug
is	O
a	O
girl's	O
best	O
friend	O
tummytrouble	B-Indication
ahafrica	O
<EOS>	O
i	O
took	O
my	O
seroquel	B-Drug
over	O
an	O
hour	O
ago	O
hoping	O
it'd	O
make	O
me	O
fall	B-Indication
asleep	I-Indication
but	O
i'm	O
still	O
up	O
<EOS>	O
i	O
ca	O
not	O
handle	O
anything	O
right	O
now	O
i'm	O
so	O
emotionally	B-Indication
unstable	I-Indication
i	O
need	O
fluoxetine	B-Drug
asap	O
<EOS>	O
<USERNAME>	O
i'm	O
hoping	O
that	O
i	O
get	O
on	O
the	O
zyprexa	B-Drug
.	O
the	O
gi	O
wa	O
pretty	O
sure	O
it	O
would	O
help	O
the	O
nausea	B-Indication
and	O
i	O
know	O
it'll	O
help	O
the	O
crazy	B-Indication
.	O
<EOS>	O
<USERNAME>	O
lisinopril	O
n	O
put	O
me	O
on	O
metoprolol	B-Drug
beta-blocker	O
which	O
help	O
lower	O
my	O
hbp	B-Indication
n	O
heart	B-Indication
rate	I-Indication
n	O
they	O
checked	O
it	O
manually	O
n	O
it	O
wa	O
130/90	O
<EOS>	O
whenever	O
i	O
see	O
the	O
humira	B-Drug
commercial	O
i	O
feel	O
special	O
thankgodforhumira	O
crohnsdisease	B-Indication
<EOS>	O
out	O
of	O
the	O
house	O
by	O
8	O
am	O
on	O
a	O
non-work	O
day	O
.	O
antidepressant	B-Indication
testify	O
pristiq	B-Drug
<EOS>	O
<USERNAME>	O
<USERNAME>	O
yep	O
,	O
this	O
one	O
is	O
my	O
top	O
tip	O
for	O
all	O
sore	B-Indication
throat	I-Indication
too	O
.	O
work	O
by	O
relaxing	O
the	O
muscle	O
.	O
combine	O
with	O
a	O
numbing	O
lozenge	B-Drug
xx	O
<EOS>	O
throat	B-Indication
numbing	O
lozenge	B-Drug
for	O
the	O
win	O
<EOS>	O
i'll	O
go	O
untreated	O
for	O
8	O
week	O
!	O
that	O
is	O
extremely	O
scary	O
,	O
if	O
i	O
was	O
not	O
on	O
effexor	B-Drug
and	O
ativan	O
i	O
would	O
be	O
having	O
panic	B-Indication
attack	I-Indication
..	O
thank	O
god	O
no	O
pain	O
<EOS>	O
<USERNAME>	O
<USERNAME>	O
paroxetine	B-Drug
40mg	O
/	O
day	O
,	O
since	O
i	O
started	O
ive	O
been	O
able	O
to	O
go	O
outside	O
without	O
having	O
a	O
panic	B-Indication
attack	I-Indication
which	O
is	O
nice	O
.	O
<EOS>	O
did	O
one	O
shot	O
of	O
enbrel	B-Drug
,	O
but	O
chose	O
the	O
infusion	O
rather	O
than	O
self	O
injection	O
.	O
do	O
not	O
know	O
what	O
he	O
ha	O
in	O
mind	O
.	O
hoping	O
for	O
success	O
.	O
rheum	B-Indication
<EOS>	O
go	O
see	O
specialist	O
nurse	O
about	O
starting	O
humira	B-Drug
in	O
a	O
week	O
!	O
scared	O
but	O
excited	O
!	O
crohn	B-Indication
cdsn	O
<EOS>	O
<USERNAME>	O
i	O
think	O
some	O
people	O
will	O
try	O
anything	O
sometimes	O
!	O
i	O
have	O
with	O
my	O
severe	O
psoriasis	B-Indication
!	O
finally	O
awaiting	O
humira	B-Drug
injection	O
anydayx	O
<EOS>	O
ah	O
,	O
the	O
sunday	O
night	O
sleep	B-Indication
...	O
my	O
worst	O
enemy	O
.	O
do	O
work	O
trazodone	B-Drug
zzzzzzz	O
<EOS>	O
im	O
out	O
of	O
seroquel	B-Drug
how	O
will	O
i	O
sleep	B-Indication
it's	O
a	O
mystery	O
<EOS>	O
<USERNAME>	O
yea	O
still	O
a	O
vampire	B-ADR
a	O
still	O
on	O
cipro	B-Drug
wbu	O
?	O
xx	O
<EOS>	O
geez	O
this	O
vyvanse	B-Drug
make	O
me	O
talk	B-ADR
a	I-ADR
mile	I-ADR
a	O
minute	I-ADR
haha	O
<EOS>	O
day	I-ADR
ha	O
been	O
a	O
right	O
off	O
.	O
missed	O
optician	O
&	O
slept	B-ADR
aw	I-ADR
day	O
.	O
sitting	O
here	O
torn	B-ADR
faced	I-ADR
,	O
wi	O
greasy	O
hair	O
&	O
unwashed	O
.	O
swollen	B-ADR
foot	I-ADR
thx	O
to	O
olanzapine	B-Drug
.	O
<EOS>	O
<USERNAME>	O
lamictal	B-Drug
and	O
trileptal	O
and	O
seroquel	O
...	O
of	O
course	O
the	O
seroquel	O
i	O
take	O
in	O
severe	O
situation	O
because	O
gaining	B-ADR
weight	I-ADR
is	O
never	O
cool	O
<EOS>	O
rivaroxaban	B-Drug
diary	O
ctd	O
,	O
neck	B-ADR
and	O
should	B-ADR
ache	I-ADR
,	O
lower	O
back	B-ADR
pain	I-ADR
and	O
knee	B-ADR
ache	O
.	O
<EOS>	O
do	O
not	O
ever	O
get	O
on	O
cymbalta	B-Drug
.	O
getting	B-ADR
off	I-ADR
of	I-ADR
it	I-ADR
is	I-ADR
hell	I-ADR
!	O
<EOS>	O
i	O
resent	O
taking	O
olanzapine	B-Drug
a	O
it	O
is	O
the	O
side	O
effect	O
of	I-ADR
olanzapine	B-Drug
that	O
were	O
mistaken	O
for	O
negative	O
symptom	B-ADR
of	O
schizophrenia	I-ADR
<EOS>	O
<USERNAME>	O
also	O
,	O
"	O
meth	O
mouth	I-ADR
"	O
is	O
really	O
poverty	O
mouth	O
.	O
u	O
do	O
not	O
c	O
when	O
people	O
take	O
it	O
for	O
adhd	O
.	O
nor	O
in	O
prozac	B-Drug
,	O
which	O
similarly	O
dry	B-ADR
mouth	O
<EOS>	O
i	O
ca	O
not	O
secretly	O
try	O
and	O
come	O
off	O
my	O
olanzapine	B-Drug
a	O
my	O
cpn	O
and	O
psychiatrist	O
will	O
notice	O
the	O
weight	B-ADR
loss	O
!	O
<EOS>	O
just	O
wondering	O
why	O
doctor	O
prescribe	O
dangerous	O
,	O
addictive	B-ADR
medication	O
without	O
any	O
warning	O
to	O
patient	O
.	O
paxil	B-Drug
,	O
for	O
instance	O
.	O
<EOS>	O
god	O
humira	B-Drug
shot	O
blow	O
so	O
bad	O
...	O
painful	B-ADR
crohnssucks	B-Indication
<EOS>	O
tysabri	B-Drug
infusion	O
54	O
yesterday	O
.	O
made	O
me	O
feel	O
tired	B-ADR
and	O
out	B-ADR
of	I-ADR
it	I-ADR
for	O
a	O
while	O
.	O
maybe	O
it's	O
the	O
heat	O
-	O
34c	O
(	O
94f	O
)	O
!	O
!	O
!	O
maybe	O
a	O
very	O
hot	O
summer	O
?	O
<EOS>	O
been	O
taking	O
low	O
dosage	O
of	O
paroxetine	B-Drug
for	O
the	O
last	O
two	O
year	O
and	O
only	O
recently	O
found	O
out	O
that	O
a	O
common	O
side	O
affect	O
is	O
pinsandneedles	B-ADR
.	O
<EOS>	O
<USERNAME>	O
getting	O
off	O
seroquel	B-Drug
(	O
sero-kill	O
)	O
can	O
cause	O
convulsion	B-ADR
,	O
fever	B-ADR
,	O
toxic	B-ADR
reaction	I-ADR
,	O
psychotic	B-ADR
reaction	O
.	O
and	O
other	O
shit	O
<EOS>	O
vyvanse	B-Drug
make	O
me	O
think	B-ADR
too	I-ADR
much	I-ADR
<EOS>	O
personal	O
frustration	O
med's	O
that	O
work	O
(	O
humira	B-Drug
)	O
then	O
wear-off	B-ADR
even	O
when	O
taking	O
mtx	O
for	O
anti-bodies	O
.	O
rheum	B-Indication
<EOS>	O
i	O
need	O
more	O
medication	O
than	O
this.my	O
body	O
is	O
already	O
building	O
a	O
tolerance	B-ADR
for	O
the	O
prozac	B-Drug
i've	O
been	O
taking	O
.	O
<EOS>	O
stopped	O
seroquel	B-Drug
for	O
2	O
month	O
a	O
it	O
caused	O
terrible	O
side	O
effect	O
.	O
had	O
to	O
start	O
back	O
up	O
or	O
lose	O
my	O
job	O
hotflashes	B-ADR
r	O
soooo	O
fun	O
thisismylife	O
<EOS>	O
<USERNAME>	O
i	O
cannot	B-ADR
be	I-ADR
in	I-ADR
the	I-ADR
sun	I-ADR
!	O
levaquin	B-Drug
<EOS>	O
vyvanse	B-Drug
make	O
me	O
think	B-ADR
too	I-ADR
much	I-ADR
<EOS>	O
vyvanse	B-Drug
make	O
me	O
think	B-ADR
too	I-ADR
much	I-ADR
<EOS>	O
since	O
quetiapine's	B-Drug
messed	O
with	O
my	O
prolactin	B-ADR
level	I-ADR
,	O
making	O
my	O
boob	B-ADR
humungous	I-ADR
&	O
my	O
bra	O
so	O
expensive	O
,	O
i	O
want	O
a	O
lingerie	O
component	O
to	O
dla	O
.	O
<EOS>	O
<USERNAME>	O
good	O
luck	O
!	O
have	O
you	O
tried	O
it	O
before	O
?	O
doe	O
it	O
work	O
4	O
u	O
?	O
i	O
just	O
had	O
2nd	O
dose	O
of	O
humira	B-Drug
,	O
and	O
hurting	B-ADR
so	O
bad	O
i	O
ca	O
not	O
stand	O
it	O
:-(	O
<EOS>	O
this	O
new	O
baccy	O
is	O
just	O
making	O
my	O
cough	B-ADR
so	O
much	O
worse	O
but	O
ahhh	O
well	O
need	O
my	O
nicotine	B-Drug
<EOS>	O
<USERNAME>	O
wa	O
on	O
seroquel	B-Drug
for	O
year	O
in	O
my	O
teen	O
&	O
stopped	O
taking	O
it	O
.	O
a	O
'	O
quack	O
'	O
doc	O
put	O
me	O
back	O
on	O
it	O
&	O
i	O
gained	B-ADR
50	I-ADR
in	O
3	O
month	O
.	O
<EOS>	O
out	O
of	O
pill	O
,	O
feeling	B-ADR
like	I-ADR
a	I-ADR
train	I-ADR
wreck	I-ADR
tweaking	B-ADR
effexor	B-Drug
<EOS>	O
<USERNAME>	O
i	O
just	O
had	O
a	O
look	O
buddy	O
,	O
and	O
my	O
medication	O
(	O
seroquel	B-Drug
)	O
doe	O
affect	O
tolerance	B-ADR
to	I-ADR
the	I-ADR
sun	I-ADR
.	O
<EOS>	O
slept	B-ADR
11	I-ADR
hour	I-ADR
last	O
night	O
on	O
seroquel	B-Drug
o	O
.	O
o	O
<EOS>	O
<USERNAME>	O
<USERNAME>	O
ugh	O
.	O
my	O
partner	O
wa	O
on	O
paxil	B-Drug
for	O
a	O
while	O
.	O
it	O
made	O
him	O
hide	B-ADR
in	I-ADR
the	I-ADR
apartment	I-ADR
.	O
:/	O
<EOS>	O
no	O
vyvanse	B-Drug
=	O
eat	B-ADR
everything	O
in	O
sight	O
.	O
<EOS>	O
<USERNAME>	O
i	O
cannot	B-ADR
be	I-ADR
in	I-ADR
the	I-ADR
sun	I-ADR
!	O
levaquin	B-Drug
<EOS>	O
<USERNAME>	O
<USERNAME>	O
omg	O
all	O
the	O
special	O
place	O
.	O
i'm	O
not	O
drunk	B-ADR
.	O
it's	O
the	O
fluoxetine	B-Drug
.	O
<EOS>	O
<USERNAME>	O
sweaty	B-ADR
fluoxetine	B-Drug
addict	B-ADR
<EOS>	O
<USERNAME>	O
i	O
had	O
a	O
weird	O
rash	B-ADR
w	O
/	O
enbrel	B-Drug
.	O
but	O
it	O
wa	O
all	O
over	O
my	O
abdomen	O
&	O
chest	O
.	O
rash	O
in	O
elbow	O
cld	O
b	O
psoriasis	O
?	O
can	O
u	O
take	O
a	O
pic	O
?	O
<EOS>	O
question	O
:	O
recently	O
i	O
have	O
been	O
hyper-sensitive	B-ADR
to	O
different	O
texture	O
,	O
doe	O
anyone	O
know	O
if	O
this	O
is	O
a	O
bipolar	B-Indication
/	O
lamotrigine	B-Drug
thing	O
?	O
?	O
<EOS>	O
<USERNAME>	O
but	O
humira	B-Drug
ha	O
the	O
after-sting	B-ADR
,	O
which	O
is	O
worse	O
!	O
yuck	O
.	O
reminds	O
me	O
,	O
i	O
need	O
to	O
go	O
take	O
my	O
shot	O
:)	O
rheum	B-Indication
<EOS>	O
i	O
should	O
not	O
tweet	O
on	O
vyvanse	B-Drug
it's	O
going	O
to	O
be	O
extremely	O
negative	B-ADR
lol	O
<EOS>	O
<USERNAME>	O
that's	O
the	O
hardest	O
part	O
:	O
difficult	O
to	O
willingly	O
self-inflict	O
pain	B-ADR
.	O
humira	B-Drug
rheum	B-Indication
<EOS>	O
day	O
11	O
of	O
rwrunstreak	O
completed	O
.	O
1.32	O
mile	O
of	O
walking	O
.	O
ca	B-ADR
not	I-ADR
run	I-ADR
even	O
if	O
i	O
could	O
because	O
of	O
cipro	B-Drug
.	O
also	O
day	O
4	O
of	O
mostly	O
raw	O
wa	O
good	O
.	O
<EOS>	O
restless	B-ADR
leg	I-ADR
syndrome	I-ADR
is	O
bad	O
tonight	O
.	O
damn	O
you	O
fluoxetine	B-Drug
.	O
<EOS>	O
<USERNAME>	O
i'm	O
certainly	O
weird	B-ADR
but	O
it's	O
quetiapine	B-Drug
instead	O
of	O
crack	O
,	O
i	O
ca	O
not	O
get	O
that	O
on	O
prescription	O
.	O
<EOS>	O
have	O
any	O
of	O
you	O
developed	O
knee	B-ADR
pain	I-ADR
since	O
starting	O
tysabri	B-Drug
?	O
what	O
help	O
with	O
the	O
problem	O
?	O
<EOS>	O
quetiapine	B-Drug
side	O
affect	O
are	O
increased	B-ADR
appetite	I-ADR
and	O
craving	B-ADR
.	O
it	O
all	O
make	O
sense	O
.	O
<EOS>	O
ah	O
the	O
sting	B-ADR
of	O
the	O
humira	B-Drug
injection	O
.	O
how	O
i've	O
not	O
missed	O
thee	O
.	O
ankylosing	O
spondylitisq	O
ouch	O
<EOS>	O
<USERNAME>	O
venlafaxine	B-Drug
gave	O
me	O
horrendous	O
nightmare	B-ADR
,	O
&	O
coming	B-ADR
of	I-ADR
it	I-ADR
wa	I-ADR
horrific	I-ADR
.	O
!	O
<EOS>	O
life	O
alert	O
life	O
alert	O
i	O
am	O
burping	B-ADR
up	O
fluoxetine	B-Drug
powder	O
i	O
think	O
i	O
might	O
die	O
<EOS>	O
my	O
choice	O
wa	O
more	O
surgery	O
on	O
6	O
-	O
ft	O
small	O
bowel	O
or	O
biologics	O
like	O
humira	B-Drug
.	O
now	O
chemo	O
is	O
my	O
only	O
hope	O
2	O
treat	O
lung	B-ADR
side	O
effect	O
.	O
crohn	B-Indication
<EOS>	O
anyone	O
taking	O
lamotrigine	B-Drug
suffer	O
with	O
headache	B-ADR
week	O
after	O
starting	O
the	O
med	O
?	O
<EOS>	O
<USERNAME>	O
...	O
had	O
to	O
get	O
an	O
x-ray	O
of	O
my	O
arm	O
per	O
protocol	O
...	O
it	O
wa	O
negative	O
but	O
it's	O
just	O
now	O
starting	O
to	O
hurt	B-ADR
.	O
ugh	O
!	O
!	O
!	O
geodon	B-Drug
<EOS>	O
<USERNAME>	O
my	O
son	O
ha	O
been	O
on	O
lamictal	B-Drug
for	O
3	O
yr	O
n	O
broke	O
out	O
in	O
a	O
rash	B-ADR
when	O
he	O
1st	O
wa	O
put	O
on	O
it	O
.	O
luckily	O
after	O
going	O
to	O
er	O
it	O
wa	O
not	O
the	O
sj	O
<EOS>	O
<USERNAME>	O
ironically	O
,	O
the	O
pulmonologist	O
i	O
work	O
with	O
told	O
me	O
about	O
his	O
own	O
devastating	O
bout	O
with	O
'	O
tendonitis	B-ADR
'	O
after	O
cipro	B-Drug
<EOS>	O
<USERNAME>	O
i've	O
been	O
having	O
them	O
today	O
too	O
,	O
three	O
day	O
without	O
effexor	B-Drug
.	O
i	O
completely	O
understand	O
what	O
you	O
mean	O
.	O
every	O
hit	O
,	O
lightheaded	B-ADR
..	O
<EOS>	O
i	O
need	B-ADR
more	B-ADR
energy	I-ADR
today	O
.	O
do	O
not	O
know	O
where	O
to	O
get	O
it	O
from	O
,	O
though	O
.	O
this	O
is	O
the	O
result	O
of	O
going	O
off	O
tysabri	B-Drug
for	O
msandlife	B-Indication
and	O
heat-related	O
.	O
<EOS>	O
<USERNAME>	O
venlafaxine	B-Drug
definitely	O
doe	O
mine	O
.	O
also	O
make	O
me	O
need	O
15	B-ADR
hour	I-ADR
sleep	I-ADR
a	O
day	O
.	O
hence	O
now	O
unmediated	O
&	O
rollercoastery	B-Indication
.	O
<EOS>	O
<USERNAME>	O
thanks	O
.	O
there	O
is	O
a	O
nonzero	O
chance	O
that	O
the	O
discomfort	B-ADR
i	O
am	O
feeling	O
wa	O
caused	O
by	O
going	O
back	O
on	O
cymbalta	B-Drug
,	O
possibly	O
too	O
quickly	O
.	O
<EOS>	O
<USERNAME>	O
thank	O
you	O
so	O
much	O
for	O
getting	O
the	O
message	O
out	O
...	O
wish	O
i	O
could	O
see	O
the	O
film	O
but	O
bayer	O
crippled	B-ADR
me	O
with	O
cipro	B-Drug
back	O
in	O
2009	O
!	O
<EOS>	O
only	O
change	O
so	O
far	O
since	O
switching	O
from	O
lexapro	O
to	O
cymbalta	B-Drug
:	O
now	O
i	I-ADR
might	B-ADR
notice	I-ADR
if	I-ADR
i	O
got	I-ADR
hit	I-ADR
in	I-ADR
the	I-ADR
crotch	I-ADR
w	I-ADR
/	I-ADR
a	I-ADR
lance	I-ADR
in	O
a	O
jousting	I-ADR
accident	I-ADR
<EOS>	O
<USERNAME>	O
just	O
had	O
the	O
viibryd	B-Drug
vision	B-ADR
shake	I-ADR
thing	O
again	O
very	O
cool	O
<EOS>	O
fucking	O
vyvanse	B-Drug
,	O
giving	O
me	O
cotton	B-ADR
mouth	I-ADR
.	O
ugh	O
.	O
<EOS>	O
this	O
seroquel	B-Drug
gotta	O
nigga	O
feelin	O
like	O
a	O
slow	B-ADR
turtle	I-ADR
.	O
ihatemeds	O
<EOS>	O
<USERNAME>	O
<USERNAME>	O
the	O
seroquel	B-Drug
is	O
addictive	B-ADR
a	O
d	O
they	O
deny	O
it	O
.	O
<EOS>	O
<USERNAME>	O
<USERNAME>	O
<USERNAME>	O
my	O
husband	O
give	O
me	O
my	O
humira	B-Drug
injection	O
.	O
we	O
use	O
the	O
pen	O
.	O
it	O
hurt	B-ADR
too	O
bad	O
to	O
give	O
them	O
to	O
myself	O
.	O
<EOS>	O
<USERNAME>	O
ugh	O
the	O
olanzapine	B-Drug
make	O
me	O
so	O
tired	B-ADR
:(	O
<EOS>	O
i	O
decided	O
to	O
try	O
visualization	O
tape	O
again	O
.	O
at	O
least	O
they	O
would	O
not	O
give	O
me	O
a	O
rash	B-ADR
like	O
lamictal	B-Drug
.	O
<EOS>	O
<USERNAME>	O
i'm	O
here	O
been	O
in	O
a	O
seroquel	B-Drug
coma	B-ADR
lol	O
<EOS>	O
i've	O
taken	O
everything	O
but	O
my	O
trazodone	B-Drug
that's	O
tonight	O
,	O
but	O
the	O
nasal	B-Drug
spray	I-Drug
is	O
giving	O
me	O
a	O
drip	B-ADR
:|	O
<EOS>	O
<USERNAME>	O
i	O
loved	O
fluoxetine	B-Drug
(	O
prozac	O
)	O
but	O
it	O
made	O
me	O
lose	B-ADR
my	I-ADR
temper	I-ADR
of	O
the	O
slightest	O
thing	O
but	O
that	O
wa	O
the	O
only	O
downside	O
.	O
<EOS>	O
<USERNAME>	O
:	O
playing	O
league	O
while	O
on	O
vyvanse	B-Drug
is	O
too	O
damn	O
stressful	B-ADR
.	O
back	O
to	O
public	O
i	O
go	O
!	O
<EOS>	O
fuck	O
here	O
come	O
the	O
nicotine	B-Drug
craving	B-ADR
damn	O
you	O
hookah	O
<EOS>	O
i	O
wonder	O
if	O
olanzapine	B-Drug
cause	O
restless	B-ADR
leg	I-ADR
<	O
_	O
<	O
<EOS>	O
<USERNAME>	O
finger	O
crossed	O
i	O
have	O
been	O
taken	O
off	O
tysabri	B-Drug
because	O
my	O
body	O
is	O
resisting	B-ADR
it	I-ADR
ha	O
typical	O
hope	O
you	O
are	O
doing	O
ok	O
:)	O
<EOS>	O
08.26	O
day	O
14	O
rivaroxaban	B-Drug
diary	O
.	O
just	O
been	O
to	O
cut	O
some	O
wild	O
rose	O
down	O
so	O
workman	O
can	O
easily	O
get	O
to	O
part	O
of	O
my	O
garage	O
.	O
intense	O
back	B-ADR
pain	I-ADR
.	O
<EOS>	O
<USERNAME>	O
yeah	O
,	O
i	O
mean	O
,	O
fluoxetine	B-Drug
made	O
me	O
feel	B-ADR
like	I-ADR
shit	I-ADR
,	O
and	O
citalopram	O
make	O
me	O
feel	O
ace	O
,	O
so	O
worth	O
considering	O
if	O
you	O
ever	O
have	O
to	O
<EOS>	O
<USERNAME>	O
many	O
congratualtions	O
for	O
being	O
able	O
to	O
come	O
off	O
quetiapine	B-Drug
-	O
i	O
have	O
read	O
that	O
and	O
clozapine	O
are	O
the	O
worst	O
for	O
withdrawal	B-ADR
<EOS>	O
you	O
guy	O
i	O
wa	O
sucking	O
on	O
this	O
lozenge	B-Drug
thats	O
supposed	O
to	O
numb	O
sore	B-Indication
throat	I-Indication
and	O
now	O
i	O
cant	B-ADR
feel	I-ADR
my	I-ADR
mouth	I-ADR
<EOS>	O
ca	O
not	O
even	O
take	O
a	O
seroquel	B-Drug
cause	O
i	O
gotta	B-ADR
wake	I-ADR
up	I-ADR
smfh	O
<EOS>	O
conclusion	O
:	O
my	O
psychiatrist	O
is	O
not	O
very	O
attentive	O
and	O
i	O
should	O
be	O
on	O
seroquel	B-Drug
,	O
not	O
benzos	O
and	O
the	O
maniatriggering	B-ADR
lamitol	B-Drug
.	O
ugh	O
<EOS>	O
